task,treatment,comparator,metric,n,seeds,delta,delta_se,positive_n,negative_n,per_seed_deltas
can,alr_double,baseline,auc_early,3,"1,2,3",0.03530322173089071,0.03008016095390176,2,1,"{""1"": 0.05469572541587703, ""2"": 0.07492630027374192, ""3"": -0.023712360496946805}"
can,alr_double,baseline,endpoint,0,,,,0,0,{}
can,alr_double,baseline,at10k,3,"1,2,3",0.0233333333333333,0.056075346137535766,1,1,"{""1"": 0.13, ""2"": 0.0, ""3"": -0.06000000000000011}"
can,alr_double,baseline,mean_deficit_pi_dp,3,"1,2,3",0.004449422617103787,0.009630614696990013,1,2,"{""1"": -0.005568688284902784, ""2"": -0.004788427167485777, ""3"": 0.023705383303699923}"
can,alr_half,baseline,auc_early,3,"1,2,3",-0.04031129360567137,0.01504072700573176,0,3,"{""1"": -0.048515476942514235, ""2"": -0.06127289955780163, ""3"": -0.011145504316698251}"
can,alr_half,baseline,endpoint,0,,,,0,0,{}
can,alr_half,baseline,at10k,3,"1,2,3",-0.030000000000000016,0.04358898943540674,1,2,"{""1"": -0.1, ""2"": -0.040000000000000036, ""3"": 0.04999999999999999}"
can,alr_half,baseline,mean_deficit_pi_dp,3,"1,2,3",0.021909586631042224,0.0024767720986687523,3,0,"{""1"": 0.0267553441662757, ""2"": 0.020376750288553656, ""3"": 0.018596665438297313}"
can,calql_prefill,baseline,auc_early,3,"1,2,3",0.22267880957394537,0.02455156775947996,3,0,"{""1"": 0.24300063171193936, ""2"": 0.17380606443461777, ""3"": 0.25122973257527903}"
can,calql_prefill,baseline,endpoint,3,"1,2,3",0.2916666666666667,0.05783117190965823,3,0,"{""1"": 0.21500000000000008, ""2"": 0.255, ""3"": 0.405}"
can,calql_prefill,baseline,at10k,3,"1,2,3",0.33,0.14571661996262927,3,0,"{""1"": 0.44999999999999996, ""2"": 0.040000000000000036, ""3"": 0.5}"
can,calql_prefill,baseline,mean_deficit_pi_dp,3,"1,2,3",-0.024199217552771834,0.007399801009004569,0,3,"{""1"": -0.026546576052298338, ""2"": -0.010370950361292711, ""3"": -0.03568012624472444}"
can,calql,baseline,auc_early,3,"1,2,3",-0.0006513651996911488,0.034114201408557754,1,2,"{""1"": -0.0361360286376079, ""2"": -0.033376500315855984, ""3"": 0.06755843335439043}"
can,calql,baseline,endpoint,3,"1,2,3",0.036666666666666646,0.013642254619787398,3,0,"{""1"": 0.010000000000000009, ""2"": 0.05499999999999994, ""3"": 0.044999999999999984}"
can,calql,baseline,at10k,3,"1,2,3",0.04333333333333336,0.04255715111601238,2,1,"{""1"": -0.04000000000000001, ""2"": 0.10000000000000009, ""3"": 0.07}"
can,calql,baseline,mean_deficit_pi_dp,3,"1,2,3",-0.00022701495388401105,0.01320500897342963,2,1,"{""1"": 0.01632951312924107, ""2"": 0.00931403129815317, ""3"": -0.026324589289046272}"
can,calql_t12i,baseline,auc_early,3,"1,2,3",0.183358952761985,0.06504175502034672,3,0,"{""1"": 0.12794167193093292, ""2"": 0.10914613602863765, ""3"": 0.31298905032638435}"
can,calql_t12i,baseline,endpoint,3,"1,2,3",0.2183333333333333,0.05775907817054484,3,0,"{""1"": 0.21499999999999997, ""2"": 0.12, ""3"": 0.31999999999999995}"
can,calql_t12i,baseline,at10k,3,"1,2,3",0.21333333333333335,0.12784539273843407,2,1,"{""1"": 0.31000000000000005, ""2"": -0.040000000000000036, ""3"": 0.37}"
can,calql_t12i,baseline,mean_deficit_pi_dp,3,"1,2,3",-0.027716192343978485,0.011191659570444686,0,3,"{""1"": -0.02350504730246196, ""2"": -0.010783397684181014, ""3"": -0.04886013204529247}"
can,cql,baseline,auc_early,3,"1,2,3",0.04489752228539342,0.011368983776616865,3,0,"{""1"": 0.05218151189724152, ""2"": 0.022601600336913052, ""3"": 0.05990945462202568}"
can,cql,baseline,endpoint,3,"1,2,3",0.10166666666666668,0.06166666666666668,2,1,"{""1"": 0.14500000000000002, ""2"": -0.020000000000000018, ""3"": 0.18000000000000005}"
can,cql,baseline,at10k,3,"1,2,3",0.04999999999999999,0.055677643628300216,2,1,"{""1"": -0.020000000000000018, ""2"": 0.010000000000000009, ""3"": 0.15999999999999998}"
can,cql,baseline,mean_deficit_pi_dp,3,"1,2,3",-0.009727025494322005,0.003953477837493826,0,3,"{""1"": -0.005072989740521661, ""2"": -0.00651825757005306, ""3"": -0.017589829172391297}"
can,fixalpha_003,baseline,auc_early,3,"1,2,3",-0.19781392573875203,0.032930982914979555,0,3,"{""1"": -0.23559065066329754, ""2"": -0.22564855759107177, ""3"": -0.13220256896188678}"
can,fixalpha_003,baseline,endpoint,3,"1,2,3",-0.06666666666666667,0.11938499812697483,1,2,"{""1"": -0.11499999999999999, ""2"": -0.24500000000000005, ""3"": 0.16000000000000003}"
can,fixalpha_003,baseline,at10k,3,"1,2,3",-0.20666666666666667,0.16505891204186598,1,2,"{""1"": -0.14, ""2"": -0.52, ""3"": 0.04000000000000001}"
can,fixalpha_003,baseline,mean_deficit_pi_dp,3,"1,2,3",0.14393327350927457,0.021742867697434245,3,0,"{""1"": 0.18571510077818681, ""2"": 0.13348104128951221, ""3"": 0.11260367846012465}"
can,fixalpha_01,baseline,auc_early,3,"1,2,3",0.06885274092791466,0.011158258071823048,3,0,"{""1"": 0.08422825858075383, ""2"": 0.04715729627289955, ""3"": 0.07517266793009059}"
can,fixalpha_01,baseline,endpoint,3,"1,2,3",0.1516666666666667,0.08623288880184352,3,0,"{""1"": 0.10000000000000009, ""2"": 0.03500000000000003, ""3"": 0.31999999999999995}"
can,fixalpha_01,baseline,at10k,3,"1,2,3",-0.1633333333333334,0.15919938581679405,1,2,"{""1"": -0.14, ""2"": -0.45, ""3"": 0.0999999999999999}"
can,fixalpha_01,baseline,mean_deficit_pi_dp,3,"1,2,3",0.006541184024630876,0.0036030031695418177,3,0,"{""1"": 0.0045028964944939485, ""2"": 0.01354605527076222, ""3"": 0.001574600308636459}"
can,fixalpha_03,baseline,auc_early,5,"1,2,3,4,5",0.24725500105285322,0.029315228136985616,5,0,"{""1"": 0.2401484523057486, ""2"": 0.19971467677405774, ""3"": 0.3010696988839756, ""4"": 0.17027374184038746, ""5"": 0.32506843546009684}"
can,fixalpha_03,baseline,endpoint,5,"1,2,3,4,5",0.20700000000000002,0.06645675285477014,5,0,"{""1"": 0.21999999999999997, ""2"": 0.125, ""3"": 0.41000000000000003, ""4"": 0.265, ""5"": 0.015000000000000013}"
can,fixalpha_03,baseline,at10k,5,"1,2,3,4,5",0.22400000000000003,0.09558242516278816,4,1,"{""1"": 0.26, ""2"": 0.20999999999999996, ""3"": 0.19, ""4"": 0.53, ""5"": -0.06999999999999995}"
can,fixalpha_03,baseline,mean_deficit_pi_dp,5,"1,2,3,4,5",-0.04338110700673309,0.018111130529298705,0,5,"{""1"": -0.026540773304629933, ""2"": -0.010783397684181014, ""3"": -0.029358391844499832, ""4"": -0.03635724095618291, ""5"": -0.11386573124417175}"
can,fixalpha_1,baseline,auc_early,3,"1,2,3",-0.16299677125008774,0.0409813577125924,0,3,"{""1"": -0.16635186355022108, ""2"": -0.23224152453148028, ""3"": -0.09039692566856189}"
can,fixalpha_1,baseline,endpoint,3,"1,2,3",-0.3216666666666667,0.0638574802022267,0,3,"{""1"": -0.335, ""2"": -0.42500000000000004, ""3"": -0.2050000000000001}"
can,fixalpha_1,baseline,at10k,3,"1,2,3",0.28,0.09073771725877468,3,0,"{""1"": 0.31000000000000005, ""2"": 0.10999999999999999, ""3"": 0.42000000000000004}"
can,fixalpha_1,baseline,mean_deficit_pi_dp,3,"1,2,3",0.13373798359295538,0.02916002396259629,3,0,"{""1"": 0.12983796281336604, ""2"": 0.18608157860357902, ""3"": 0.08529440936192112}"
can,fixalpha,baseline,auc_early,3,"1,2,3",-0.2842229943145926,0.05390783291526341,0,3,"{""1"": -0.33836386607706886, ""2"": -0.33789745209517796, ""3"": -0.1764076647715309}"
can,fixalpha,baseline,endpoint,2,"2,3",-0.15500000000000003,1.9626155733547187e-17,0,2,"{""2"": -0.15500000000000003, ""3"": -0.155}"
can,fixalpha,baseline,at10k,3,"1,2,3",-0.26999999999999996,0.11590225767142474,0,3,"{""1"": -0.18, ""2"": -0.5, ""3"": -0.13}"
can,fixalpha,baseline,mean_deficit_pi_dp,3,"1,2,3",0.2303534897630497,0.039510108031430166,3,0,"{""1"": 0.29005198782469727, ""2"": 0.24533963865455338, ""3"": 0.15566884280989848}"
can,hardq,baseline,auc_early,3,"1,2,3",-0.1343637256966379,0.048258569032757465,0,3,"{""1"": -0.08760686460307432, ""2"": -0.23086544535691728, ""3"": -0.08461886712992212}"
can,hardq,baseline,endpoint,0,,,,0,0,{}
can,hardq,baseline,at10k,3,"1,2,3",-0.1600000000000001,0.08544003745317529,0,3,"{""1"": -0.09000000000000011, ""2"": -0.33, ""3"": -0.06000000000000011}"
can,hardq,baseline,mean_deficit_pi_dp,3,"1,2,3",0.09430850041969537,0.026520370535068217,3,0,"{""1"": 0.06396842448574795, ""2"": 0.1471561179824137, ""3"": 0.07180095879092446}"
can,iql_linear,baseline,auc_early,1,1,0.2167393135396926,,1,0,"{""1"": 0.2167393135396926}"
can,iql_linear,baseline,endpoint,1,1,0.08499999999999996,,1,0,"{""1"": 0.08499999999999996}"
can,iql_linear,baseline,at10k,1,1,0.20999999999999996,,1,0,"{""1"": 0.20999999999999996}"
can,iql_linear,baseline,mean_deficit_pi_dp,1,1,-0.026488080333268233,,0,1,"{""1"": -0.026488080333268233}"
can,iql_prefill,baseline,auc_early,3,"1,2,3",0.16873587421913383,0.027790603424426574,3,0,"{""1"": 0.19445567487892185, ""2"": 0.11320488523899763, ""3"": 0.19854706253948196}"
can,iql_prefill,baseline,endpoint,3,"1,2,3",0.37333333333333335,0.05341140119654023,3,0,"{""1"": 0.31500000000000006, ""2"": 0.32500000000000007, ""3"": 0.4800000000000001}"
can,iql_prefill,baseline,at10k,3,"1,2,3",-0.10333333333333333,0.12251983966326073,1,2,"{""1"": -0.04000000000000001, ""2"": -0.34, ""3"": 0.07}"
can,iql_prefill,baseline,mean_deficit_pi_dp,3,"1,2,3",0.000231299571031119,0.01685493235691175,1,2,"{""1"": -0.013561366431523328, ""2"": 0.03376572574120269, ""3"": -0.019510460596586007}"
can,iql,baseline,auc_early,5,"1,2,3,4,5",0.08464982101495051,0.03424929121518199,5,0,"{""1"": 0.07344388292272058, ""2"": 0.029668351231838308, ""3"": 0.12423983996630872, ""4"": 0.002056222362602611, ""5"": 0.19384080859128233}"
can,iql,baseline,endpoint,5,"1,2,3,4,5",0.029000000000000047,0.06565820588471787,3,2,"{""1"": 0.06500000000000006, ""2"": -0.06000000000000005, ""3"": 0.2400000000000001, ""4"": 0.050000000000000044, ""5"": -0.1499999999999999}"
can,iql,baseline,at10k,5,"1,2,3,4,5",0.05800000000000001,0.11685033162126669,3,2,"{""1"": 0.15999999999999998, ""2"": -0.27, ""3"": 0.43000000000000005, ""4"": 0.039999999999999994, ""5"": -0.06999999999999995}"
can,iql,baseline,mean_deficit_pi_dp,5,"1,2,3,4,5",-0.03872496444427454,0.018770017611899475,0,5,"{""1"": -0.021846310447505457, ""2"": -0.0022449607207994954, ""3"": -0.048456240921429417, ""4"": -0.01371868255582526, ""5"": -0.10735862757581308}"
can,mix_fixed,baseline,auc_early,3,"1,2,3",0.2352309258089423,0.043628604748236696,3,0,"{""1"": 0.24941040218993477, ""2"": 0.15357864813644984, ""3"": 0.30270372710044224}"
can,mix_fixed,baseline,endpoint,3,"1,2,3",0.36166666666666664,0.055100917516055156,3,0,"{""1"": 0.32499999999999996, ""2"": 0.29000000000000004, ""3"": 0.4700000000000001}"
can,mix_fixed,baseline,at10k,3,"1,2,3",-0.010000000000000009,0.1973153144926499,1,2,"{""1"": -0.05000000000000002, ""2"": -0.33, ""3"": 0.35}"
can,mix_fixed,baseline,mean_deficit_pi_dp,3,"1,2,3",-0.02154287803074927,0.015084256578376603,1,2,"{""1"": -0.014587573366213845, ""2"": 0.00040233714508509065, ""3"": -0.05044339787111906}"
can,mix_linear,baseline,auc_early,3,"1,2,3",0.2092580894223345,0.03361104096360503,3,0,"{""1"": 0.19052432090966526, ""2"": 0.16271530848599702, ""3"": 0.27453463887134133}"
can,mix_linear,baseline,endpoint,3,"1,2,3",0.2733333333333334,0.10592187896957099,3,0,"{""1"": 0.08000000000000007, ""2"": 0.29500000000000004, ""3"": 0.44500000000000006}"
can,mix_linear,baseline,at10k,3,"1,2,3",-0.2833333333333333,0.10170764201594906,0,3,"{""1"": -0.26, ""2"": -0.47000000000000003, ""3"": -0.12000000000000001}"
can,mix_linear,baseline,mean_deficit_pi_dp,3,"1,2,3",-0.007088022134796114,0.00915069739782267,1,2,"{""1"": -0.004551414903218733, ""2"": 0.00734017087809281, ""3"": -0.024052822379262418}"
can,mix_prefill,baseline,auc_early,3,"1,2,3",0.2497431038113287,0.051924163582586697,3,0,"{""1"": 0.25159191408717624, ""2"": 0.15889766266582428, ""3"": 0.3387397346809855}"
can,mix_prefill,baseline,endpoint,3,"1,2,3",0.38499999999999995,0.0909670269933013,3,0,"{""1"": 0.3799999999999999, ""2"": 0.22999999999999998, ""3"": 0.545}"
can,mix_prefill,baseline,at10k,3,"1,2,3",-0.21,0.12741009902410927,0,2,"{""1"": -0.19, ""2"": -0.44, ""3"": 0.0}"
can,mix_prefill,baseline,mean_deficit_pi_dp,3,"1,2,3",-0.004814996497073287,0.00968322543946905,1,2,"{""1"": -0.0022329204545959505, ""2"": 0.010516066047437555, ""3"": -0.022728135084061466}"
can,rs_025,baseline,auc_early,3,"1,2,3",-0.11342949392854636,0.04171832579160661,0,3,"{""1"": -0.11447567909033474, ""2"": -0.18515898083807125, ""3"": -0.0406538218572331}"
can,rs_025,baseline,endpoint,0,,,,0,0,{}
can,rs_025,baseline,at10k,3,"1,2,3",-0.22333333333333336,0.07535103036971542,0,3,"{""1"": -0.18, ""2"": -0.37, ""3"": -0.12000000000000001}"
can,rs_025,baseline,mean_deficit_pi_dp,3,"1,2,3",0.07950542681990545,0.018794037970124956,3,0,"{""1"": 0.07312375644101449, ""2"": 0.11477590200185842, ""3"": 0.05061662201684347}"
can,rs_2,baseline,auc_early,3,"1,2,3",0.004666947427528563,0.025067149557206427,2,1,"{""1"": 0.002391029690461066, ""2"": -0.03756790903348067, ""3"": 0.0491777216256053}"
can,rs_2,baseline,endpoint,0,,,,0,0,{}
can,rs_2,baseline,at10k,3,"1,2,3",-0.07,0.10969655114602891,1,2,"{""1"": -0.12, ""2"": -0.23000000000000004, ""3"": 0.14}"
can,rs_2,baseline,mean_deficit_pi_dp,3,"1,2,3",0.0009904392444024478,0.010190037837003108,2,1,"{""1"": 0.007019698641406374, ""2"": 0.014835425102056998, ""3"": -0.018883806010256028}"
can,td,baseline,auc_early,3,"1,2,3",0.04117428230504664,0.03140391171036172,2,1,"{""1"": 0.09700147399452513, ""2"": -0.011661402400505394, ""3"": 0.03818277532112019}"
can,td,baseline,endpoint,3,"1,2,3",0.08500000000000003,0.039051248379533283,3,0,"{""1"": 0.020000000000000018, ""2"": 0.08000000000000007, ""3"": 0.15500000000000003}"
can,td,baseline,at10k,3,"1,2,3",0.17666666666666664,0.06960204339273698,3,0,"{""1"": 0.1899999999999999, ""2"": 0.050000000000000044, ""3"": 0.29}"
can,td,baseline,mean_deficit_pi_dp,3,"1,2,3",-0.018519786680703285,0.007063506812403992,0,3,"{""1"": -0.02035803301535352, ""2"": -0.0054703286756050745, ""3"": -0.02973099835115126}"
can,tent12,baseline,auc_early,3,"1,2,3",0.1348603214711869,0.050344449165988917,3,0,"{""1"": 0.17103495472731095, ""2"": 0.03539587281532963, ""3"": 0.1981501368709201}"
can,tent12,baseline,endpoint,3,"1,2,3",0.22166666666666665,0.09056918779462352,3,0,"{""1"": 0.15999999999999992, ""2"": 0.10499999999999998, ""3"": 0.4}"
can,tent12,baseline,at10k,3,"1,2,3",0.02666666666666666,0.14813657362192648,1,2,"{""1"": -0.04000000000000001, ""2"": -0.19, ""3"": 0.31}"
can,tent12,baseline,mean_deficit_pi_dp,3,"1,2,3",-0.024783825309063038,0.013009850012653191,0,3,"{""1"": -0.017628346348791728, ""2"": -0.006696663850306023, ""3"": -0.050026465728091364}"
can,tent12i,baseline,auc_early,3,"1,2,3",0.16224257738471257,0.07952522689337951,3,0,"{""1"": 0.09246683512318382, ""2"": 0.07335123183828185, ""3"": 0.32090966519267206}"
can,tent12i,baseline,endpoint,3,"1,2,3",0.22333333333333336,0.10864058991821511,3,0,"{""1"": 0.15999999999999992, ""2"": 0.07500000000000007, ""3"": 0.43500000000000005}"
can,tent12i,baseline,at10k,3,"1,2,3",0.15666666666666665,0.17891649200426196,2,1,"{""1"": 0.21999999999999997, ""2"": -0.1800000000000001, ""3"": 0.43000000000000005}"
can,tent12i,baseline,mean_deficit_pi_dp,3,"1,2,3",-0.02275763250382797,0.013967347988365379,0,3,"{""1"": -0.007575843605566339, ""2"": -0.010041006329535848, ""3"": -0.05065604757638172}"
can,tent6,baseline,auc_early,3,"1,2,3",0.07400786130413424,0.02505593416099322,3,0,"{""1"": 0.11349968414403039, ""2"": 0.08097704779953685, ""3"": 0.027546851968835495}"
can,tent6,baseline,endpoint,0,,,,0,0,{}
can,tent6,baseline,at10k,3,"1,2,3",0.14333333333333328,0.028480012484391744,3,0,"{""1"": 0.1999999999999999, ""2"": 0.12, ""3"": 0.10999999999999999}"
can,tent6,baseline,mean_deficit_pi_dp,3,"1,2,3",-0.009305571898275428,0.006737417688632045,1,2,"{""1"": -0.020390954327785694, ""2"": 0.0028714326665487747, ""3"": -0.010397194033589366}"
can,warmup,baseline,auc_early,3,"1,2,3",0.04902997122201166,0.027720236576958886,3,0,"{""1"": 0.047556327647925944, ""2"": 0.0017708991366603422, ""3"": 0.09776268688144868}"
can,warmup,baseline,endpoint,3,"1,2,3",0.06833333333333336,0.06009252125773318,2,1,"{""1"": 0.03500000000000003, ""2"": -0.015000000000000013, ""3"": 0.18500000000000005}"
can,warmup,baseline,at10k,3,"1,2,3",0.14666666666666667,0.07535103036971544,3,0,"{""1"": 0.27, ""2"": 0.010000000000000009, ""3"": 0.15999999999999998}"
can,warmup,baseline,mean_deficit_pi_dp,3,"1,2,3",-0.011869541102107627,0.009184488247964053,1,2,"{""1"": -0.008752817238465247, ""2"": 0.002249437218783722, ""3"": -0.02910524328664136}"
can,warmupc,baseline,auc_early,3,"1,2,3",0.07373096090405006,0.04671365187223275,2,1,"{""1"": 0.11678353337544761, ""2"": -0.019603074331438153, ""3"": 0.12401242366814069}"
can,warmupc,baseline,endpoint,3,"1,2,3",0.135,0.09291573243177573,3,0,"{""1"": 0.0050000000000000044, ""2"": 0.08499999999999996, ""3"": 0.31500000000000006}"
can,warmupc,baseline,at10k,3,"1,2,3",0.24,0.10115993936995682,3,0,"{""1"": 0.22999999999999998, ""2"": 0.06999999999999995, ""3"": 0.42000000000000004}"
can,warmupc,baseline,mean_deficit_pi_dp,3,"1,2,3",-0.019105756156943595,0.01278954225954661,1,2,"{""1"": -0.02653292856441332, ""2"": 0.005805589507368137, ""3"": -0.036589929413785596}"
square,calql,baseline,auc_early,3,"1,2,3",0.05305052169137836,0.02403752060788251,3,0,"{""1"": 0.005156507413509037, ""2"": 0.0806072016945164, ""3"": 0.07338785596610964}"
square,calql,baseline,endpoint,3,"1,2,3",-0.05666666666666668,0.13058628479965953,1,2,"{""1"": 0.15500000000000003, ""2"": -0.2950000000000001, ""3"": -0.02999999999999997}"
square,calql,baseline,at10k,3,"1,2,3",0.20333333333333334,0.02848001248439178,3,0,"{""1"": 0.18, ""2"": 0.16999999999999998, ""3"": 0.26}"
square,calql,baseline,mean_deficit_pi_dp,3,"1,2,3",-0.05216545548675216,0.0200738052413998,0,3,"{""1"": -0.012144587702753923, ""2"": -0.06941535012513633, ""3"": -0.07493642863236621}"
square,cql,baseline,auc_early,3,"1,2,3",0.060520906880050185,0.012388876076954764,3,0,"{""1"": 0.041252059308072464, ""2"": 0.056665097670039966, ""3"": 0.08364556366203812}"
square,cql,baseline,endpoint,3,"1,2,3",-0.14,0.1374772708486752,1,2,"{""1"": -0.04999999999999999, ""2"": -0.41000000000000003, ""3"": 0.03999999999999998}"
square,cql,baseline,at10k,3,"1,2,3",0.1633333333333333,0.03179797338056484,3,0,"{""1"": 0.15999999999999998, ""2"": 0.21999999999999992, ""3"": 0.10999999999999999}"
square,cql,baseline,mean_deficit_pi_dp,3,"1,2,3",-0.050413038324045374,0.0078550351035279,0,3,"{""1"": -0.04376204232563948, ""2"": -0.04141263195055184, ""3"": -0.0660644406959448}"
square,fixalpha_03,baseline,auc_early,5,"1,2,3,4,5",0.013137444104495166,0.01850442850056137,4,1,"{""1"": -0.052136973405507214, ""2"": 0.028691456813367933, ""3"": 0.058120734290421305, ""4"": 0.003038361967521719, ""5"": 0.02797364085667209}"
square,fixalpha_03,baseline,endpoint,5,"1,2,3,4,5",-0.04299999999999998,0.10376174632300673,3,2,"{""1"": -0.265, ""2"": -0.31, ""3"": 0.1650000000000001, ""4"": 0.175, ""5"": 0.019999999999999962}"
square,fixalpha_03,baseline,at10k,5,"1,2,3,4,5",0.12399999999999997,0.049859803449271635,4,1,"{""1"": 0.1999999999999999, ""2"": 0.27, ""3"": 0.09999999999999998, ""4"": 0.06, ""5"": -0.010000000000000009}"
square,fixalpha_03,baseline,mean_deficit_pi_dp,5,"1,2,3,4,5",-0.01560456456010496,0.01589573310267839,1,4,"{""1"": 0.04216049253692021, ""2"": -0.040979881449176934, ""3"": -0.04576292832649717, ""4"": -0.007754717010216294, ""5"": -0.02568578855155461}"
square,iql,baseline,auc_early,3,"1,2,3",0.03222758296069661,0.015766196645742643,3,0,"{""1"": 0.03723699694045657, ""2"": 0.00276182631207339, ""3"": 0.05668392562955987}"
square,iql,baseline,endpoint,3,"1,2,3",0.09000000000000007,0.0754983443527075,2,1,"{""1"": 0.18000000000000005, ""2"": -0.05999999999999994, ""3"": 0.15000000000000008}"
square,iql,baseline,at10k,3,"1,2,3",0.2933333333333334,0.01452966314513559,3,0,"{""1"": 0.26999999999999996, ""2"": 0.29000000000000004, ""3"": 0.32}"
square,iql,baseline,mean_deficit_pi_dp,3,"1,2,3",-0.04047454795944588,0.011573955684502276,0,3,"{""1"": -0.0420682367142531, ""2"": -0.019678591909893725, ""3"": -0.05967681525419082}"
square,mix_prefill,baseline,auc_early,3,"1,2,3",0.02805405193378833,0.034872758869076474,2,1,"{""1"": 0.014309249235114063, ""2"": -0.02429042127559422, ""3"": 0.09414332784184515}"
square,mix_prefill,baseline,endpoint,3,"1,2,3",0.15,0.08499999999999995,2,1,"{""1"": 0.235, ""2"": -0.019999999999999907, ""3"": 0.23499999999999993}"
square,mix_prefill,baseline,at10k,3,"1,2,3",-0.18000000000000002,0.02309401076758503,0,3,"{""1"": -0.14, ""2"": -0.22, ""3"": -0.18}"
square,mix_prefill,baseline,mean_deficit_pi_dp,3,"1,2,3",0.005092373349418759,0.016795221303920478,1,2,"{""1"": -0.0017771656334160668, ""2"": 0.0370024909785759, ""3"": -0.019948205296903554}"
square,td,baseline,auc_early,3,"1,2,3",0.08816976543500434,0.02932495658634341,3,0,"{""1"": 0.1175500117674747, ""2"": 0.029519887032242897, ""3"": 0.11743939750529542}"
square,td,baseline,endpoint,3,"1,2,3",-0.05000000000000001,0.14294521094927715,2,1,"{""1"": 0.14, ""2"": -0.33, ""3"": 0.03999999999999998}"
square,td,baseline,at10k,3,"1,2,3",0.24666666666666667,0.05364492313143696,3,0,"{""1"": 0.16999999999999998, ""2"": 0.21999999999999992, ""3"": 0.35000000000000003}"
square,td,baseline,mean_deficit_pi_dp,3,"1,2,3",-0.07070036625563034,0.020237950913088235,0,3,"{""1"": -0.09183182315656038, ""2"": -0.030237813251129335, ""3"": -0.09003146235920129}"
square,tent12_hq,baseline,auc_early,3,"1,2,3",-0.026360320075311843,0.02169487664601001,1,2,"{""1"": -0.04946693339609326, ""2"": -0.046612144033890246, ""3"": 0.01699811720404798}"
square,tent12_hq,baseline,endpoint,3,"1,2,3",0.01833333333333335,0.06672913739722534,2,1,"{""1"": 0.09000000000000002, ""2"": -0.11499999999999999, ""3"": 0.08000000000000002}"
square,tent12_hq,baseline,at10k,3,"1,2,3",0.11999999999999995,0.0513160143944688,3,0,"{""1"": 0.21999999999999986, ""2"": 0.09000000000000002, ""3"": 0.04999999999999999}"
square,tent12_hq,baseline,mean_deficit_pi_dp,3,"1,2,3",0.017340146240166537,0.017011967634543494,2,1,"{""1"": 0.03947886431396706, ""2"": 0.028645527423721326, ""3"": -0.016103953017188782}"
square,tent12,baseline,auc_early,5,"1,2,3,4,5",0.003453989173923233,0.023955949485764738,2,3,"{""1"": 0.07837844198634975, ""2"": -0.04795598964462228, ""3"": 0.03992468816192041, ""4"": -0.03331607437044026, ""5"": -0.019761120263591447}"
square,tent12,baseline,endpoint,5,"1,2,3,4,5",-0.03800000000000002,0.03689850945499017,1,4,"{""1"": -0.010000000000000009, ""2"": -0.16999999999999998, ""3"": -0.044999999999999984, ""4"": -0.020000000000000018, ""5"": 0.05499999999999988}"
square,tent12,baseline,at10k,5,"1,2,3,4,5",0.16999999999999998,0.03286335345030996,5,0,"{""1"": 0.2, ""2"": 0.10999999999999999, ""3"": 0.27999999999999997, ""4"": 0.15999999999999992, ""5"": 0.10000000000000003}"
square,tent12,baseline,mean_deficit_pi_dp,5,"1,2,3,4,5",-0.003850452889385625,0.01959140765663204,3,2,"{""1"": -0.06018151962670842, ""2"": 0.03112212678225587, ""3"": -0.042355562498283386, ""4"": 0.02777340060528191, ""5"": 0.02438929029052589}"
square,tent6,baseline,auc_early,3,"1,2,3",-0.026404251980858218,0.016299357929957944,0,3,"{""1"": -0.005378912685337689, ""2"": -0.05849140974346906, ""3"": -0.015342433513767906}"
square,tent6,baseline,endpoint,3,"1,2,3",-0.18000000000000002,0.13363507523600732,1,2,"{""1"": 0.03500000000000003, ""2"": -0.425, ""3"": -0.15000000000000002}"
square,tent6,baseline,at10k,3,"1,2,3",0.06666666666666665,0.028480012484391762,3,0,"{""1"": 0.08999999999999997, ""2"": 0.010000000000000009, ""3"": 0.09999999999999998}"
square,tent6,baseline,mean_deficit_pi_dp,3,"1,2,3",0.019746689908906326,0.012374058636093282,3,0,"{""1"": 0.0038551848366846775, ""2"": 0.044122507304691, ""3"": 0.011262377585343306}"
can,calql,iql,auc_early,3,"1,2,3",-0.07643538990664701,0.016673760269769012,0,3,"{""1"": -0.10957991156032848, ""2"": -0.06304485154769429, ""3"": -0.056681406611918284}"
can,calql,iql,endpoint,3,"1,2,3",-0.04500000000000006,0.08962886439832506,1,2,"{""1"": -0.05500000000000005, ""2"": 0.11499999999999999, ""3"": -0.19500000000000012}"
can,calql,iql,at10k,3,"1,2,3",-0.06333333333333331,0.22153504864417686,1,2,"{""1"": -0.19999999999999998, ""2"": 0.3700000000000001, ""3"": -0.36000000000000004}"
can,calql,iql,mean_deficit_pi_dp,3,"1,2,3",0.023955489076027445,0.007737543059861272,3,0,"{""1"": 0.03817582357674652, ""2"": 0.011558992018952665, ""3"": 0.022131651632383145}"
can,calql,cql,auc_early,3,"1,2,3",-0.045548887485084566,0.02818965277389856,1,2,"{""1"": -0.08831754053484941, ""2"": -0.055978100652769036, ""3"": 0.007648978732364753}"
can,calql,cql,endpoint,3,"1,2,3",-0.06500000000000004,0.07,1,2,"{""1"": -0.135, ""2"": 0.07499999999999996, ""3"": -0.13500000000000006}"
can,calql,cql,at10k,3,"1,2,3",-0.006666666666666626,0.05238744548500572,1,2,"{""1"": -0.01999999999999999, ""2"": 0.09000000000000008, ""3"": -0.08999999999999997}"
can,calql,cql,mean_deficit_pi_dp,3,"1,2,3",0.009500010540437994,0.009258094956907858,2,1,"{""1"": 0.02140250286976273, ""2"": 0.01583228886820623, ""3"": -0.008734760116654975}"
can,calql_t12i,calql,auc_early,3,"1,2,3",0.1840103179616761,0.031334193496952246,3,0,"{""1"": 0.16407770056854082, ""2"": 0.14252263634449364, ""3"": 0.24543061697199392}"
can,calql_t12i,calql,endpoint,3,"1,2,3",0.18166666666666664,0.06173419725817376,3,0,"{""1"": 0.20499999999999996, ""2"": 0.06500000000000006, ""3"": 0.27499999999999997}"
can,calql_t12i,calql,at10k,3,"1,2,3",0.17,0.15567059238447495,2,1,"{""1"": 0.3500000000000001, ""2"": -0.14000000000000012, ""3"": 0.3}"
can,calql_t12i,calql,mean_deficit_pi_dp,3,"1,2,3",-0.02748917739009447,0.006212687596809775,0,3,"{""1"": -0.03983456043170303, ""2"": -0.020097428982334183, ""3"": -0.022535542756246203}"
can,calql_t12i,tent12i,auc_early,3,"1,2,3",0.0211163753772724,0.014518789120605129,2,1,"{""1"": 0.0354748368077491, ""2"": 0.0357949041903558, ""3"": -0.0079206148662877}"
can,calql_t12i,tent12i,endpoint,3,"1,2,3",-0.005000000000000042,0.05507570547286106,2,1,"{""1"": 0.05500000000000005, ""2"": 0.04499999999999993, ""3"": -0.1150000000000001}"
can,calql_t12i,tent12i,at10k,3,"1,2,3",0.0566666666666667,0.0600925212577332,2,1,"{""1"": 0.09000000000000008, ""2"": 0.14000000000000007, ""3"": -0.06000000000000005}"
can,calql_t12i,tent12i,mean_deficit_pi_dp,3,"1,2,3",-0.004958559840150511,0.005534046754265698,1,2,"{""1"": -0.01592920369689562, ""2"": -0.0007423913546451657, ""3"": 0.0017959155310892521}"
can,calql_prefill,calql,auc_early,3,"1,2,3",0.22333017477363656,0.028716823036630253,3,0,"{""1"": 0.27913666034954726, ""2"": 0.20718256475047375, ""3"": 0.1836712992208886}"
can,calql_prefill,calql,endpoint,3,"1,2,3",0.25500000000000006,0.05251983752196243,3,0,"{""1"": 0.20500000000000007, ""2"": 0.20000000000000007, ""3"": 0.36000000000000004}"
can,calql_prefill,calql,at10k,3,"1,2,3",0.2866666666666666,0.1741965684060523,2,1,"{""1"": 0.49, ""2"": -0.06000000000000005, ""3"": 0.43}"
can,calql_prefill,calql,mean_deficit_pi_dp,3,"1,2,3",-0.023972202598887823,0.009911139405056056,0,3,"{""1"": -0.04287608918153941, ""2"": -0.01968498165944588, ""3"": -0.009355536955678173}"
can,calql_prefill,mix_prefill,auc_early,3,"1,2,3",-0.027064294237383286,0.03097483649940329,1,2,"{""1"": -0.008591282375236875, ""2"": 0.014908401768793489, ""3"": -0.08751000210570647}"
can,calql_prefill,mix_prefill,endpoint,3,"1,2,3",-0.09333333333333327,0.059605182474158865,1,2,"{""1"": -0.1649999999999998, ""2"": 0.025000000000000022, ""3"": -0.14}"
can,calql_prefill,mix_prefill,at10k,3,"1,2,3",0.5399999999999999,0.05033222956847162,3,0,"{""1"": 0.6399999999999999, ""2"": 0.48000000000000004, ""3"": 0.5}"
can,calql_prefill,mix_prefill,mean_deficit_pi_dp,3,"1,2,3",-0.019384221055698547,0.0033648006429203604,0,3,"{""1"": -0.024313655597702388, ""2"": -0.020887016408730266, ""3"": -0.012951991160662979}"
square,calql,iql,auc_early,3,"1,2,3",0.02082293873068175,0.03179962587113561,2,1,"{""1"": -0.03208048952694753, ""2"": 0.07784537538244302, ""3"": 0.016703930336549766}"
square,calql,iql,endpoint,3,"1,2,3",-0.14666666666666675,0.06287112037953342,0,3,"{""1"": -0.025000000000000022, ""2"": -0.23500000000000015, ""3"": -0.18000000000000005}"
square,calql,iql,at10k,3,"1,2,3",-0.09000000000000001,0.01732050807568879,0,3,"{""1"": -0.08999999999999997, ""2"": -0.12000000000000005, ""3"": -0.06}"
square,calql,iql,mean_deficit_pi_dp,3,"1,2,3",-0.01169090752730627,0.023065102543092412,1,2,"{""1"": 0.02992364901149918, ""2"": -0.0497367582152426, ""3"": -0.015259613378175392}"
square,calql,cql,auc_early,3,"1,2,3",-0.007470385188671824,0.017387322078005096,1,2,"{""1"": -0.03609555189456343, ""2"": 0.02394210402447644, ""3"": -0.010257707695928486}"
square,calql,cql,endpoint,3,"1,2,3",0.08333333333333333,0.08094922963053926,2,1,"{""1"": 0.20500000000000002, ""2"": 0.11499999999999991, ""3"": -0.06999999999999995}"
square,calql,cql,at10k,3,"1,2,3",0.040000000000000036,0.058594652770823145,2,1,"{""1"": 0.020000000000000018, ""2"": -0.04999999999999993, ""3"": 0.15000000000000002}"
square,calql,cql,mean_deficit_pi_dp,3,"1,2,3",-0.0017524171627067823,0.017575147861886263,1,2,"{""1"": 0.03161745462288556, ""2"": -0.02800271817458449, ""3"": -0.008871987936421417}"
square,calql,td,auc_early,3,"1,2,3",-0.03511924374362598,0.047403705918723664,1,2,"{""1"": -0.11239350435396567, ""2"": 0.05108731466227351, ""3"": -0.04405154153918578}"
square,calql,td,endpoint,3,"1,2,3",-0.006666666666666672,0.03218867985971325,2,1,"{""1"": 0.015000000000000013, ""2"": 0.03499999999999992, ""3"": -0.06999999999999995}"
square,calql,td,at10k,3,"1,2,3",-0.043333333333333314,0.029059326290271168,1,2,"{""1"": 0.010000000000000009, ""2"": -0.04999999999999993, ""3"": -0.09000000000000002}"
square,calql,td,mean_deficit_pi_dp,3,"1,2,3",0.01853491076887818,0.03435638267088088,2,1,"{""1"": 0.07968723545380646, ""2"": -0.03917753687400699, ""3"": 0.015095033726835076}"
square,tent12_hq,tent12,auc_early,3,"1,2,3",-0.04980936690986113,0.03964205361251715,1,2,"{""1"": -0.127845375382443, ""2"": 0.0013438456107320307, ""3"": -0.022926570957872427}"
square,tent12_hq,tent12,endpoint,3,"1,2,3",0.09333333333333334,0.020480342879074184,3,0,"{""1"": 0.10000000000000003, ""2"": 0.05499999999999999, ""3"": 0.125}"
square,tent12_hq,tent12,at10k,3,"1,2,3",-0.0766666666666667,0.07753135566408668,1,2,"{""1"": 0.01999999999999985, ""2"": -0.019999999999999962, ""3"": -0.22999999999999998}"
square,tent12_hq,tent12,mean_deficit_pi_dp,3,"1,2,3",0.04114513135441184,0.03041027011120317,2,1,"{""1"": 0.09966038394067547, ""2"": -0.0024765993585345453, ""3"": 0.026251609481094604}"
square,tent12_hq,iql,auc_early,3,"1,2,3",-0.05858790303600845,0.014333508104238517,0,3,"{""1"": -0.08670393033654983, ""2"": -0.049373970345963636, ""3"": -0.03968580842551189}"
square,tent12_hq,iql,endpoint,3,"1,2,3",-0.07166666666666671,0.010137937550497026,0,3,"{""1"": -0.09000000000000002, ""2"": -0.05500000000000005, ""3"": -0.07000000000000006}"
square,tent12_hq,iql,at10k,3,"1,2,3",-0.17333333333333337,0.06489307444643927,0,3,"{""1"": -0.0500000000000001, ""2"": -0.2, ""3"": -0.27}"
square,tent12_hq,iql,mean_deficit_pi_dp,3,"1,2,3",0.05781469419961242,0.011945207705860392,3,0,"{""1"": 0.08154710102822016, ""2"": 0.04832411933361505, ""3"": 0.04357286223700204}"
square,tent12_hq,mix_prefill,auc_early,3,"1,2,3",-0.054414372009100175,0.016503901855941024,0,3,"{""1"": -0.06377618263120732, ""2"": -0.022321722758296025, ""3"": -0.07714521063779717}"
square,tent12_hq,mix_prefill,endpoint,3,"1,2,3",-0.13166666666666665,0.01855921454276669,0,3,"{""1"": -0.14499999999999996, ""2"": -0.09500000000000008, ""3"": -0.15499999999999992}"
square,tent12_hq,mix_prefill,at10k,3,"1,2,3",0.3,0.0378593889720018,3,0,"{""1"": 0.3599999999999999, ""2"": 0.31, ""3"": 0.22999999999999998}"
square,tent12_hq,mix_prefill,mean_deficit_pi_dp,3,"1,2,3",0.012247772890747776,0.014925667489912722,2,1,"{""1"": 0.04125602994738313, ""2"": -0.008356963554854574, ""3"": 0.0038442522797147716}"
