task,method,seed,critic_steps,distill_steps,averaging_first_step,averaging_last_step,source_file,source_sha256,q_mean,q_ood_mean,return_mean,floored_frac,penalty,critic_loss,q_data_minus_G,q_ood_minus_G,q_ood_minus_data,distill_loss_last10
can,calql,1,50000,25000,45500,50000,calql_can_s1_log.csv,9a9fc26511e920dcbd1bd0979451f837fafa024958088a6931ec5e0eb7532bdf,-87.77822875976562,-159.75675201416016,-100.62329788208008,0.97451171875,0.746359583735466,10.310804176330567,12.845069122314456,-59.133454132080075,-71.97852325439453,131.32422332763673
can,calql,2,50000,25000,45500,50000,calql_can_s2_log.csv,cf71bcefc4a8d4f6eb08629dbd8e7fe34fef16f8570a1ca2494737dbf3c8a081,-86.84290008544922,-156.80944061279297,-98.81025466918945,0.976171875,0.9193181306123733,5.33294780254364,11.967354583740232,-57.99918594360352,-69.96654052734375,157.3668655395508
can,calql,3,50000,25000,45500,50000,calql_can_s3_log.csv,43c2c305d957538eba998146956f819e747043f960242ebc784c53101db1a99c,-91.4792465209961,-161.5133285522461,-104.39074020385742,0.970703125,0.7656186342239379,6.495437026023865,12.91149368286132,-57.122588348388675,-70.03408203125,147.40933151245116
square,calql,1,50000,25000,45500,50000,calql_square_s1_log.csv,4bccc7e8ca3099209b50687449ad07c8a2867de1ce0cd251cff05b14089ecd52,-115.84319839477538,-129.33606643676757,-152.3138442993164,0.192724609375,21.731250190734862,63.44105892181396,36.470645904541016,22.977777862548834,-13.492868041992182,176.60341567993163
square,calql,2,50000,25000,45500,50000,calql_square_s2_log.csv,ce1efd7a2130b428a4810041f103c8d7dc020dae74d92a257b5ba6d474a1b842,-117.15305557250977,-130.82035217285156,-155.09386596679687,0.196240234375,17.58433094024658,63.845923233032224,37.9408103942871,24.273513793945312,-13.667296600341786,173.31593017578126
square,calql,3,50000,25000,45500,50000,calql_square_s3_log.csv,f5e71bffff68b98cb59d9e24422846fd1ef7a978300de41348b7ecde3c6c6ad8,-115.91991119384765,-130.04567031860353,-152.1873306274414,0.1998046875,18.58109540939331,57.61144485473633,36.26741943359376,22.141660308837885,-14.125759124755874,169.2438003540039
can,cql,1,50000,25000,45500,50000,cql_can_s1_log.csv,c0b692ffbf3d0e2922db8661290bcbd9db1c1a746c5c1fcff64a168d4f3effb8,-96.40319137573242,-171.29723205566407,-100.62329788208008,0.0,0.2886776465922594,12.824296855926514,4.220106506347662,-70.67393417358399,-74.89404067993165,119.21884307861328
can,cql,2,50000,25000,45500,50000,cql_can_s2_log.csv,557405bf18a18f69bc84238651a59206ba759a6b25d3a72312bb32599a065df9,-95.08308792114258,-168.16211700439453,-98.81025466918945,0.0,0.20865222206339235,11.909548830986022,3.7271667480468693,-69.35186233520508,-73.07902908325195,132.51056289672852
can,cql,3,50000,25000,45500,50000,cql_can_s3_log.csv,1524db3c88bf783377413200efbe1dc523cf0e17579d3a4710f4d20837ef9b61,-99.56461105346679,-173.88300170898438,-104.39074020385742,0.0,0.12348506264388562,8.457286024093628,4.826129150390628,-69.49226150512696,-74.31839065551759,142.226163482666
square,cql,1,50000,25000,45500,50000,cql_square_s1_log.csv,ecefacd22751a0792724efaa66ea8e7ebd60a16b3bc147dadd06515a0f493730,-137.07770385742188,-150.00543670654298,-152.3138442993164,0.0,24.594537830352785,71.0369701385498,15.23614044189452,2.3084075927734204,-12.9277328491211,151.6888069152832
square,cql,2,50000,25000,45500,50000,cql_square_s2_log.csv,d6a397ef14ce99952f1b1d2474c22343deea305782516243544e68e3c0f0a44d,-138.55285034179687,-151.48435668945314,-155.09386596679687,0.0,19.39573469161987,77.83977584838867,16.541015625,3.609509277343733,-12.931506347656267,151.08157958984376
square,cql,3,50000,25000,45500,50000,cql_square_s3_log.csv,2fc7d83531b8aae62634e24c0ae8d26f4ea360f1d9bbeea0410fc09e894dfbf7,-138.51796875,-152.47495727539064,-152.1873306274414,0.0,18.179164695739747,66.07517700195312,13.669361877441418,-0.28762664794922443,-13.956988525390642,173.6668502807617
can,td,1,50000,25000,45500,50000,td_can_s1_log.csv,15ba85ce527efd8442c9dfb09f7d348fb65c1fce2e031cce597207caf8c3d2e6,-148.32506713867187,-148.59160919189452,-103.08759231567383,,,42.83257522583008,-45.23747482299804,-45.50401687622069,-0.26654205322265057,21.36066598892212
can,td,2,50000,25000,45500,50000,td_can_s2_log.csv,a1429d7b102f89ca218c046bc5bf99efa2f5677ebfb0ba0c915e5e5e1aa76ecb,-158.72842407226562,-159.20179138183593,-102.37631454467774,,,54.70056800842285,-56.352109527587885,-56.82547683715819,-0.4733673095703068,22.199615383148192
can,td,3,50000,25000,45500,50000,td_can_s3_log.csv,dbf897c6af7f8d44aeb97704ae903d1822eab4abb092e3b89f9c07822aad00b8,-147.9795715332031,-148.27190399169922,-103.77993316650391,,,42.073123931884766,-44.199638366699205,-44.49197082519531,-0.2923324584961051,20.404443073272706
square,td,1,50000,25000,45500,50000,td_square_s1_log.csv,6334a3e732f1b565a7611233280a3b7ac03b2b50c0854105fa05a9f234724a91,-255.40121765136718,-255.1119598388672,-157.89527893066406,,,249.25255279541017,-97.50593872070311,-97.21668090820313,0.28925781249998295,254.33362503051757
square,td,2,50000,25000,45500,50000,td_square_s2_log.csv,4242339fa99e3e299e17b0234a6a818c2f1d5cf2bb381c44b213c20a2d9a2f00,-256.08710327148435,-254.9652862548828,-155.49571990966797,,,269.4604766845703,-100.59138336181638,-99.46956634521484,1.1218170166015398,278.7687622070313
square,td,3,50000,25000,45500,50000,td_square_s3_log.csv,9a6f5581e2e95a549a3111ea421580324212ea592136c5901323158b290ca042,-254.06366577148438,-254.08153228759767,-155.60763549804688,,,268.0024688720703,-98.4560302734375,-98.47389678955079,-0.017866516113286934,309.9580017089844
