step0,n_evals,last_online_steps,last_env_steps,min_in_window,min_at,dip_depth,recovery_at,recovery_pi_dp_at,auc_early,final,t50,t80,mc_return_first,q_start_first,group,seed,run,until_online,step0_se,step0_n,min_in_window_se,min_in_window_n,min_at_se,min_at_n,dip_depth_se,dip_depth_n,recovery_at_se,recovery_at_n,recovery_pi_dp_at_se,recovery_pi_dp_at_n,auc_early_se,auc_early_n,at_env129k,at_env129k_se,at_env129k_n,final_se,final_n,mc_return_first_se,mc_return_first_n,q_start_first_se,q_start_first_n,t50_se,t50_n,t80_se,t80_n,min_mean_curve,min_mean_curve_at,regret_vs_pi_dp
0.73,33.0,102880.0,126896.0,0.1999999999999999,7536.0,0.53,,12560.0,0.48701410823331226,0.5966666666666667,0.0,,-181.058939488346,-0.3010683879256248,alr_double,1,can_alr_double_s1,75984,,,,,,,,,,,,,,,,,,,,,,,,,,,,,,
0.54,33.0,102880.0,126896.0,0.2,7536.0,0.34,20096.0,10048.0,0.5631438197515267,0.5566666666666666,0.0,,-178.00015299386013,-0.0042998410062864,alr_double,2,can_alr_double_s2,75984,,,,,,,,,,,,,,,,,,,,,,,,,,,,,,
0.25,33.0,102880.0,126896.0,0.03,7536.0,0.22,15072.0,25120.0,0.3516508738681827,0.4216666666666667,2512.0,,-196.6459380000735,-0.2071060724556446,alr_double,3,can_alr_double_s3,75984,,,,,,,,,,,,,,,,,,,,,,,,,,,,,,
0.5066666666666667,,,,0.1433333333333333,7536.0,0.36333333333333334,17584.0,15909.333333333334,0.4672696006176739,0.525,837.3333333333334,,-185.23501016075988,-0.17082476712918526,alr_double,mean,n=3,75984,0.13956280943638882,3.0,0.05666666666666665,3.0,0.0,3.0,0.09024657580453922,3.0,2512.0,2.0,4662.074693143006,3.0,0.06184577788160313,3.0,,,0.0,0.052941267247561964,3.0,5.773387201064015,3.0,0.0875692915111565,3.0,837.3333333333333,3.0,,0.0,0.2817834394904458,5008.0,-0.06193626728434054
0.76,33.0,102880.0,126896.0,0.16,10048.0,0.6,,20096.0,0.383802905874921,0.37499999999999994,0.0,,-177.24692296900653,-0.2905504107475281,alr_half,1,can_alr_half_s1,75984,,,,,,,,,,,,,,,,,,,,,,,,,,,,,,
0.4599999999999999,33.0,102880.0,126896.0,0.18,17584.0,0.2799999999999999,20096.0,20096.0,0.42694461991998317,0.4166666666666667,2512.0,,-183.14346239041384,-0.0097850689198821,alr_half,2,can_alr_half_s2,75984,,,,,,,,,,,,,,,,,,,,,,,,,,,,,,
0.37,33.0,102880.0,126896.0,0.09,32656.0,0.28,35168.0,35168.0,0.3642177300484313,0.44,2512.0,,-191.14048920906288,-0.2008939944207668,alr_half,3,can_alr_half_s3,75984,,,,,,,,,,,,,,,,,,,,,,,,,,,,,,
0.5299999999999999,,,,0.1433333333333333,20096.0,0.38666666666666666,27632.0,25120.0,0.3916550852811118,0.41055555555555556,1674.6666666666667,,-183.8436248561611,-0.16707649136272565,alr_half,mean,n=3,75984,0.11789826122551599,3.0,0.027284509239574834,3.0,6646.127293394252,3.0,0.10666666666666667,3.0,7536.0,2.0,5024.000000000001,3.0,0.018528430580324436,3.0,,,0.0,0.019011042924742993,3.0,4.0259767479680955,3.0,0.0827949513913926,3.0,837.3333333333333,3.0,,0.0,0.27677282377919327,10016.0,0.013678248052221564
0.66,24.0,255184.0,279200.0,0.25,25040.0,0.41000000000000003,155152.0,30048.0,0.43231838281743523,0.7183333333333333,0.0,,,,baseline,1,can_baseline_s1,75984,,,,,,,,,,,,,,,0.52,,,,,,,,,,,,,,,
0.5,24.0,255184.0,279200.0,0.2,15024.0,0.3,25040.0,20032.0,0.4882175194777848,0.8033333333333333,0.0,180160.0,,,baseline,2,can_baseline_s2,75984,,,,,,,,,,,,,,,0.53,,,,,,,,,,,,,,,
0.3399999999999999,24.0,255184.0,279200.0,0.13,10016.0,0.2099999999999999,20032.0,20032.0,0.37536323436512953,0.6566666666666666,60096.0,,,,baseline,3,can_baseline_s3,75984,,,,,,,,,,,,,,,0.37,,,,,,,,,,,,,,,
0.42,18.0,105136.0,129152.0,0.02,10016.0,0.39999999999999997,20032.0,20032.0,0.42881869867340494,0.4483333333333334,20032.0,,-193.55758480822095,-0.2064763344824314,baseline,4,can_baseline_s4,75984,,,,,,,,,,,,,,,0.515,,,,,,,,,,,,,,,
0.6,18.0,105136.0,129152.0,0.1,35056.0,0.5,80128.0,65104.0,0.32135291640345337,0.5783333333333333,0.0,,-185.0120685013027,-0.1857260204851627,baseline,5,can_baseline_s5,75984,,,,,,,,,,,,,,,0.725,,,,,,,,,,,,,,,
0.504,,,,0.14,19030.4,0.364,60076.8,31049.6,0.4092141503474416,0.6409999999999999,16025.6,180160.0,-189.28482665476184,-0.19610117748379707,baseline,mean,n=5,75984,0.058103356185335804,5.0,0.03987480407475377,5.0,4855.436145188194,5.0,0.04985980344927165,5.0,26340.17240338415,5.0,8731.746363700677,5.0,0.02830649850302893,5.0,0.532,0.0565375981095766,5.0,0.060673534409804865,5.0,4.272758153459122,2.0,0.01037515699863435,2.0,11680.562835754106,5.0,,1.0,0.238,15024.0,-0.0038808170141081955
0.6900000000000001,18.0,105136.0,129152.0,0.22,10016.0,0.4700000000000001,,20032.0,0.39618235417982733,0.525,0.0,,-179.32468996030516,-269.9735641479492,calql,1,can_calql_s1,75984,,,,,,,,,,,,,,,0.53,,,,,,,,,,,,,,,
0.47,18.0,105136.0,129152.0,0.25,30048.0,0.21999999999999997,40064.0,40064.0,0.4548410191619288,0.525,5008.0,,-181.1516179071458,-288.9561309814453,calql,2,can_calql_s2,75984,,,,,,,,,,,,,,,0.585,,,,,,,,,,,,,,,
0.38,18.0,105136.0,129152.0,0.2,10016.0,0.18,15024.0,15024.0,0.44292166771951996,0.5166666666666667,55088.0,,-191.31471704312497,-282.7860794067383,calql,3,can_calql_s3,75984,,,,,,,,,,,,,,,0.415,,,,,,,,,,,,,,,
0.5133333333333333,,,,0.2233333333333333,16693.333333333332,0.29000000000000004,27544.0,25040.0,0.431315013687092,0.5222222222222223,20032.0,,-183.93034163685866,-280.5719248453776,calql,mean,n=3,75984,0.09207484877955424,3.0,0.014529663145135577,3.0,6677.333333333333,3.0,0.0907377172587747,3.0,12519.999999999998,2.0,7649.84636011295,3.0,0.017900144857346464,3.0,0.51,0.05008326400438907,3.0,0.0027777777777777683,3.0,3.729663368913253,3.0,5.59050746692499,3.0,17587.517998095507,3.0,,0.0,0.34,35056.0,-0.02598168035375864
0.67,18.0,105136.0,129152.0,0.5,20032.0,0.17000000000000004,25040.0,25040.0,0.6753190145293746,0.7950000000000003,0.0,80128.0,-180.37980420677204,-274.0618362426758,calql_prefill,1,can_calql_prefill_s1,75984,,,,,,,,,,,,,,,0.7350000000000001,,,,,,,,,,,,,,,
0.5800000000000001,18.0,105136.0,129152.0,0.37,5008.0,0.21000000000000008,15024.0,10016.0,0.6620235839124026,0.81,0.0,55088.0,-176.2042936130262,-292.6771697998047,calql_prefill,2,can_calql_prefill_s2,75984,,,,,,,,,,,,,,,0.785,,,,,,,,,,,,,,,
0.27,18.0,105136.0,129152.0,0.19,5008.0,0.08000000000000002,10016.0,10016.0,0.6265929669404086,0.7833333333333333,10016.0,75120.0,-195.77453432629864,-285.81592559814453,calql_prefill,3,can_calql_prefill_s3,75984,,,,,,,,,,,,,,,0.775,,,,,,,,,,,,,,,
0.5066666666666667,,,,0.35333333333333333,10016.0,0.15333333333333338,16693.333333333332,15024.0,0.6546451884607286,0.7961111111111112,3338.6666666666665,70112.0,-184.11954404869894,-284.1849772135417,calql_prefill,mean,n=3,75984,0.12115187896924166,3.0,0.08987645841808509,3.0,5008.0,3.0,0.038441875315569335,3.0,4416.64085527049,3.0,5008.0,3.0,0.014541749871679915,3.0,0.765,0.015275252316519444,3.0,0.007718024438583238,3.0,5.9508492659403425,3.0,5.435306042770159,3.0,3338.666666666667,3.0,7649.84636011295,3.0,0.36000000000000004,5008.0,-0.24931185512739523
0.75,18.0,105136.0,129152.0,0.29,5008.0,0.46,,10016.0,0.5602600547483682,0.5483333333333333,0.0,,-179.1460100999954,-274.2844543457031,calql_t12i,1,can_calql_t12i_s1,75984,,,,,,,,,,,,,,,0.735,,,,,,,,,,,,,,,
0.54,18.0,105136.0,129152.0,0.4499999999999999,55088.0,0.09000000000000014,60096.0,60096.0,0.5973636555064225,0.6183333333333333,0.0,35056.0,-176.12536278470796,-289.69361877441406,calql_t12i,2,can_calql_t12i_s2,75984,,,,,,,,,,,,,,,0.65,,,,,,,,,,,,,,,
0.28,18.0,105136.0,129152.0,0.5,10016.0,-0.21999999999999997,15024.0,15024.0,0.6883522846915139,0.6966666666666667,5008.0,30048.0,-194.735415103239,-290.5854034423828,calql_t12i,3,can_calql_t12i_s3,75984,,,,,,,,,,,,,,,0.69,,,,,,,,,,,,,,,
0.5233333333333333,,,,0.4133333333333333,23370.666666666668,0.11000000000000006,37560.0,28378.666666666668,0.6153253316487682,0.6211111111111111,1669.3333333333333,32552.0,-183.3355959959808,-284.8544921875,calql_t12i,mean,n=3,75984,0.13593299002735787,3.0,0.06333333333333334,3.0,15924.42506898688,3.0,0.1965536398374076,3.0,22536.0,2.0,15924.42506898688,3.0,0.038052031046685766,3.0,0.6916666666666668,0.02455153310442705,3.0,0.042842663632884616,3.0,5.76622303619667,3.0,5.291285129224893,3.0,1669.3333333333335,3.0,2504.0,2.0,0.45,5008.0,-0.20999199831543486
0.73,18.0,105136.0,129152.0,0.24,10016.0,0.49,15024.0,15024.0,0.48449989471467675,0.6116666666666667,0.0,,-181.183430611134,-279.59957122802734,cql,1,can_cql_s1,75984,,,,,,,,,,,,,,,0.665,,,,,,,,,,,,,,,
0.48,18.0,105136.0,129152.0,0.29,45072.0,0.19,50080.0,50080.0,0.5108191198146979,0.5583333333333333,5008.0,,-180.84107621001095,-278.6796417236328,cql,2,can_cql_s2,75984,,,,,,,,,,,,,,,0.51,,,,,,,,,,,,,,,
0.35,18.0,105136.0,129152.0,0.25,15024.0,0.09999999999999998,25040.0,30048.0,0.4352726889871552,0.51,30048.0,,-195.8508268059307,-301.8569793701172,cql,3,can_cql_s3,75984,,,,,,,,,,,,,,,0.55,,,,,,,,,,,,,,,
0.52,,,,0.26,23370.666666666668,0.25999999999999995,30048.0,31717.333333333332,0.47686390117217664,0.5599999999999999,11685.333333333334,,-185.95844454235854,-286.7120641072591,cql,mean,n=3,75984,0.11150485789118487,3.0,0.015275252316519465,3.0,10946.550709901474,3.0,0.11789826122551596,3.0,10424.983325326393,3.0,10154.158250577828,3.0,0.022140062486595044,3.0,0.5750000000000001,0.04645786621588786,3.0,0.029360467248275145,3.0,4.94717837999499,3.0,7.5771127155539375,3.0,9294.454643017583,3.0,,0.0,0.35333333333333333,10016.0,-0.07153056783884326
0.7500000000000001,16.0,75120.0,99136.0,0.0,5008.0,0.7500000000000001,,,0.09395451674036638,0.10000000000000002,0.0,,-177.80538612117888,-0.2905137166380882,fixalpha,1,can_fixalpha_s1,75984,,,,,,,,,,,,,,,,,,,,,,,,,,,,,,
0.53,18.0,105136.0,129152.0,0.01,5008.0,0.52,,75120.0,0.15032006738260686,0.35000000000000003,0.0,,-180.05768385353747,-0.0472754099173471,fixalpha,2,can_fixalpha_s2,75984,,,,,,,,,,,,,,,0.375,,,,,,,,,,,,,,,
0.38,18.0,105136.0,129152.0,0.0,10016.0,0.38,55088.0,,0.19895556959359864,0.2416666666666666,,,-190.7399155456533,-0.2125378586351871,fixalpha,3,can_fixalpha_s3,75984,,,,,,,,,,,,,,,0.215,,,,,,,,,,,,,,,
0.5533333333333333,,,,0.0033333333333333335,6677.333333333333,0.5499999999999999,55088.0,75120.0,0.14774338457219063,0.23055555555555554,0.0,,-182.86766184012322,-0.18344232839687413,fixalpha,mean,n=3,75984,0.10744507640857469,3.0,0.0033333333333333335,3.0,1669.3333333333335,3.0,0.10785793124908961,3.0,,1.0,,1.0,0.03033856042399364,3.0,0.295,0.08,2.0,0.07238230122664102,3.0,3.9894650882865244,3.0,0.07170804435110419,3.0,0.0,2.0,,0.0,0.016666666666666666,5008.0,0.2575899487611427
0.6799999999999999,18.0,105136.0,129152.0,0.0,5008.0,0.6799999999999999,,,0.1967277321541377,0.27666666666666667,0.0,,-179.61121463404106,-0.3117813169956207,fixalpha_003,1,can_fixalpha_003_s1,75984,,,,,,,,,,,,,,,0.405,,,,,,,,,,,,,,,
0.53,18.0,105136.0,129152.0,0.0,5008.0,0.53,,40064.0,0.262568961886713,0.37999999999999995,0.0,,-179.09667940060106,-0.0277294125407934,fixalpha_003,2,can_fixalpha_003_s2,75984,,,,,,,,,,,,,,,0.285,,,,,,,,,,,,,,,
0.36,18.0,105136.0,129152.0,0.01,5008.0,0.35,60096.0,75120.0,0.24316066540324274,0.4466666666666666,105136.0,,-192.89612437005343,-0.2211029268801212,fixalpha_003,3,can_fixalpha_003_s3,75984,,,,,,,,,,,,,,,0.53,,,,,,,,,,,,,,,
0.5233333333333333,,,,0.0033333333333333335,5008.0,0.52,60096.0,57592.0,0.23415245314803115,0.36777777777777776,35045.333333333336,,-183.86800613489854,-0.1868712188055118,fixalpha_003,mean,n=3,75984,0.09243616415908032,3.0,0.0033333333333333335,3.0,0.0,3.0,0.09539392014169455,3.0,,1.0,17527.999999999996,2.0,0.01953311546409199,3.0,0.4066666666666667,0.07073031724640982,3.0,0.04945380685392862,3.0,4.516502178218792,3.0,0.08376600043052979,3.0,35045.333333333336,3.0,,0.0,0.0033333333333333335,5008.0,0.17118088018530223
0.72,18.0,105136.0,129152.0,0.08,5008.0,0.64,,15024.0,0.5165466413981891,0.665,0.0,,-176.96347364092736,-0.2985863462090492,fixalpha_01,1,can_fixalpha_01_s1,75984,,,,,,,,,,,,,,,0.6200000000000001,,,,,,,,,,,,,,,
0.5,18.0,105136.0,129152.0,0.07,10016.0,0.43,25040.0,15024.0,0.5353748157506844,0.5216666666666666,0.0,,-178.86506999541012,-0.0214086435735225,fixalpha_01,2,can_fixalpha_01_s2,75984,,,,,,,,,,,,,,,0.5650000000000001,,,,,,,,,,,,,,,
0.31,18.0,105136.0,129152.0,0.01,5008.0,0.3,15024.0,15024.0,0.4505359022952201,0.5683333333333334,35056.0,,-194.08726558578252,-0.2299124971032142,fixalpha_01,3,can_fixalpha_01_s3,75984,,,,,,,,,,,,,,,0.69,,,,,,,,,,,,,,,
0.51,,,,0.053333333333333344,6677.333333333333,0.4566666666666667,20032.0,15024.0,0.500819119814698,0.585,11685.333333333334,,-183.30526974070668,-0.18330249562859532,fixalpha_01,mean,n=3,75984,0.11846237095944574,3.0,0.021858128414340004,3.0,1669.3333333333333,3.0,0.09905105305402419,3.0,5008.0,2.0,0.0,3.0,0.02572240599454961,3.0,0.625,0.03617089069035115,3.0,0.04220759980716131,3.0,5.418874205843565,3.0,0.0833391442394171,3.0,11685.333333333332,3.0,,0.0,0.13999999999999999,10016.0,-0.09548578648136458
0.75,18.0,105136.0,129152.0,0.3999999999999999,30048.0,0.3500000000000001,60096.0,35056.0,0.6724668351231838,0.725,0.0,70112.0,-179.18665443571905,-0.2918361201882362,fixalpha_03,1,can_fixalpha_03_s1,75984,,,,,,,,,,,,,,,0.74,,,,,,,,,,,,,,,
0.52,18.0,105136.0,129152.0,0.49,5008.0,0.030000000000000027,10016.0,10016.0,0.6879321962518425,0.7366666666666667,0.0,25040.0,-179.38301665318102,-0.0264311353676021,fixalpha_03,2,can_fixalpha_03_s2,75984,,,,,,,,,,,,,,,0.655,,,,,,,,,,,,,,,
0.29,18.0,105136.0,129152.0,0.19,5008.0,0.09999999999999998,10016.0,15024.0,0.6764329332491051,0.8083333333333332,15024.0,50080.0,-197.40027949725183,-0.2042823079973459,fixalpha_03,3,can_fixalpha_03_s3,75984,,,,,,,,,,,,,,,0.78,,,,,,,,,,,,,,,
0.6100000000000001,18.0,105136.0,129152.0,0.37,20032.0,0.2400000000000001,40064.0,25040.0,0.5990924405137924,0.7916666666666666,0.0,70112.0,-187.57791844688265,-0.2040871456265449,fixalpha_03,4,can_fixalpha_03_s4,75984,,,,,,,,,,,,,,,0.78,,,,,,,,,,,,,,,
0.6799999999999999,18.0,105136.0,129152.0,0.4,5008.0,0.2799999999999999,15024.0,15024.0,0.6464213518635502,0.7466666666666667,0.0,,-183.8660709764164,-0.1679928340017795,fixalpha_03,5,can_fixalpha_03_s5,75984,,,,,,,,,,,,,,,0.74,,,,,,,,,,,,,,,
0.57,,,,0.36999999999999994,13020.8,0.2,27043.2,20032.0,0.6564691514002948,0.7616666666666666,3004.8,53836.0,-185.48278800189019,-0.1789259086363017,fixalpha_03,mean,n=5,75984,0.07968688725254613,5.0,0.049295030175464945,5.0,5156.051574606289,5.0,0.058906705900092574,5.0,9965.794170059906,5.0,4479.2913725275785,5.0,0.015870486585512857,5.0,0.7390000000000001,0.02282542442102665,5.0,0.016236105170610055,5.0,3.3606432230572194,5.0,0.043242883058010065,5.0,3004.7999999999997,5.0,10697.09268913755,4.0,0.46799999999999997,5008.0,-0.25113581806696145
0.6799999999999999,18.0,105136.0,129152.0,0.01,20032.0,0.6699999999999999,,,0.26596651926721415,0.27166666666666667,0.0,,-179.1366738873204,-0.2954385355114937,fixalpha_1,1,can_fixalpha_1_s1,75984,,,,,,,,,,,,,,,0.185,,,,,,,,,,,,,,,
0.64,18.0,105136.0,129152.0,0.04,20032.0,0.6,,,0.2559759949463045,0.10166666666666667,0.0,5008.0,-170.33448251624753,-0.0022878698073327,fixalpha_1,2,can_fixalpha_1_s2,75984,,,,,,,,,,,,,,,0.105,,,,,,,,,,,,,,,
0.31,18.0,105136.0,129152.0,0.04,20032.0,0.27,60096.0,70112.0,0.28496630869656764,0.2083333333333333,5008.0,,-196.77488717217696,-0.2151007540524006,fixalpha_1,3,can_fixalpha_1_s3,75984,,,,,,,,,,,,,,,0.1649999999999999,,,,,,,,,,,,,,,
0.5433333333333333,,,,0.03,20032.0,0.5133333333333333,60096.0,70112.0,0.2689696076366954,0.1938888888888889,1669.3333333333333,5008.0,-182.0820145252483,-0.17094238645707568,fixalpha_1,mean,n=3,75984,0.11723670263379317,3.0,0.01,3.0,0.0,3.0,0.12333333333333332,3.0,,1.0,,1.0,0.008502420785691156,3.0,0.15166666666666662,0.024037008503093253,3.0,0.04960336507899937,3.0,7.773459615842353,3.0,0.08745817909570851,3.0,1669.3333333333335,3.0,,1.0,0.03,20032.0,0.13636372569663796
0.72,31.0,75360.0,99376.0,0.11,35168.0,0.61,,47728.0,0.3447115182143609,0.39666666666666667,0.0,,-177.00453202413323,-0.3077339306473732,hardq,1,can_hardq_s1,75984,,,,,,,,,,,,,,,,,,,,,,,,,,,,,,
0.55,31.0,75360.0,99376.0,0.02,35168.0,0.53,,55264.0,0.2573520741208675,0.31,0.0,,-176.5435613748255,-0.0008350540883839,hardq,2,can_hardq_s2,75984,,,,,,,,,,,,,,,,,,,,,,,,,,,,,,
0.37,31.0,75360.0,99376.0,0.0699999999999999,10048.0,0.3000000000000001,42704.0,42704.0,0.2907443672352074,0.3666666666666667,2512.0,,-192.77518538862125,-0.1994345616549253,hardq,3,can_hardq_s3,75984,,,,,,,,,,,,,,,,,,,,,,,,,,,,,,
0.5466666666666667,,,,0.06666666666666664,26794.666666666668,0.48000000000000004,42704.0,48565.333333333336,0.2976026531901453,0.35777777777777775,837.3333333333334,,-182.10775959586,-0.16933451546356082,hardq,mean,n=3,75984,0.10105004260816079,3.0,0.02603416558635551,3.0,8373.333333333334,3.0,0.09291573243177567,3.0,,1.0,3649.8513820580574,3.0,0.02545057420937573,3.0,,,0.0,0.025410214724509498,3.0,5.335372628908939,3.0,0.08986330302897867,3.0,837.3333333333333,3.0,,0.0,0.11025477707006373,35056.0,0.1077306801431881
0.62,24.0,255184.0,279200.0,0.29,5008.0,0.33,75120.0,10016.0,0.5057622657401558,0.77,0.0,,,,iql,1,can_iql_s1,75984,,,,,,,,,,,,,,,0.5850000000000001,,,,,,,,,,,,,,,
0.53,24.0,255184.0,279200.0,0.25,10016.0,0.28,20032.0,20032.0,0.5178858707096231,0.6699999999999999,0.0,,,,iql,2,can_iql_s2,75984,,,,,,,,,,,,,,,0.47,,,,,,,,,,,,,,,
0.46,24.0,255184.0,279200.0,0.36,60096.0,0.10000000000000003,70112.0,65104.0,0.49960307433143825,0.7116666666666666,5008.0,,,,iql,3,can_iql_s3,75984,,,,,,,,,,,,,,,0.6100000000000001,,,,,,,,,,,,,,,
0.5700000000000001,18.0,105136.0,129152.0,0.06,10016.0,0.51,30048.0,20032.0,0.43087492103600755,0.5033333333333334,0.0,,-191.0373896946951,-151.48182678222656,iql,4,can_iql_s4,75984,,,,,,,,,,,,,,,0.5650000000000001,,,,,,,,,,,,,,,
0.6599999999999999,18.0,105136.0,129152.0,0.26,15024.0,0.3999999999999999,,20032.0,0.5151937249947357,0.5783333333333335,0.0,,-183.17842209537335,-138.95321655273438,iql,5,can_iql_s5,75984,,,,,,,,,,,,,,,0.5750000000000001,,,,,,,,,,,,,,,
0.568,,,,0.244,20032.0,0.324,48828.0,27043.2,0.49386397136239213,0.6466666666666667,1001.6,,-187.1079058950342,-145.21752166748047,iql,mean,n=5,75984,0.03484250278036868,5.0,0.049859803449271635,5.0,10140.427131043347,5.0,0.06801470429252779,5.0,13922.930534433714,4.0,9710.87229037639,5.0,0.01608436696185774,5.0,0.5610000000000002,0.023947860029656112,5.0,0.0475365356565055,5.0,3.9294837996608716,2.0,6.264305114746094,2.0,1001.5999999999999,5.0,,0.0,0.33799999999999997,10016.0,-0.08853063802905875
0.7,20.0,155152.0,179168.0,0.39,35056.0,0.30999999999999994,45072.0,40064.0,0.6490576963571278,0.725,0.0,20032.0,-180.34518222621955,-139.25054931640625,iql_linear,1,can_iql_linear_s1,75984,,,,,,,,,,,,,,,0.605,,,,,,,,,,,,,,,
0.7,,,,0.39,35056.0,0.30999999999999994,45072.0,40064.0,0.6490576963571278,0.725,0.0,20032.0,-180.34518222621955,-139.25054931640625,iql_linear,mean,n=1,75984,,1.0,,1.0,,1.0,,1.0,,1.0,,1.0,,1.0,0.605,,1.0,,1.0,,1.0,,1.0,,1.0,,1.0,0.39,35056.0,-0.24372436302379447
0.77,20.0,155152.0,179168.0,0.22,10016.0,0.55,45072.0,20032.0,0.6267740576963571,0.8483333333333335,0.0,45072.0,-177.76085101377507,-137.27907943725586,iql_prefill,1,can_iql_prefill_s1,75984,,,,,,,,,,,,,,,0.8350000000000001,,,,,,,,,,,,,,,
0.56,20.0,155152.0,179168.0,0.1199999999999999,15024.0,0.44000000000000017,25040.0,20032.0,0.6014224047167824,0.8266666666666667,0.0,30048.0,-176.2838591906161,-148.0958137512207,iql_prefill,2,can_iql_prefill_s2,75984,,,,,,,,,,,,,,,0.8550000000000001,,,,,,,,,,,,,,,
0.32,20.0,155152.0,179168.0,0.15,5008.0,0.17,15024.0,15024.0,0.5739102969046115,0.8733333333333334,30048.0,30048.0,-196.3552645424431,-154.49452590942383,iql_prefill,3,can_iql_prefill_s3,75984,,,,,,,,,,,,,,,0.8500000000000001,,,,,,,,,,,,,,,
0.55,,,,0.1633333333333333,10016.0,0.3866666666666667,28378.666666666668,18362.666666666668,0.600702253105917,0.8494444444444446,10016.0,35056.0,-183.46665824894478,-146.62313969930014,iql_prefill,mean,n=3,75984,0.13000000000000003,3.0,0.029627314724385324,3.0,2891.370148101646,3.0,0.11289129481250737,3.0,8833.28171054098,3.0,1669.3333333333335,3.0,0.015264700728791453,3.0,0.8466666666666667,0.006009252125773322,3.0,0.01348295677723513,3.0,6.458392610988782,3.0,5.023925289930848,3.0,10016.0,3.0,5008.0,3.0,0.20000000000000004,10016.0,-0.19536891977258358
0.71,20.0,155152.0,179168.0,0.21,10016.0,0.5,25040.0,20032.0,0.68172878500737,0.8816666666666667,0.0,5008.0,-180.80694633164745,-0.2922549620270729,mix_fixed,1,can_mix_fixed_s1,75984,,,,,,,,,,,,,,,0.845,,,,,,,,,,,,,,,
0.52,20.0,155152.0,179168.0,0.19,10016.0,0.33,20032.0,20032.0,0.6417961676142346,0.8183333333333334,0.0,55088.0,-178.7406236324631,-0.0146077681565657,mix_fixed,2,can_mix_fixed_s2,75984,,,,,,,,,,,,,,,0.8200000000000001,,,,,,,,,,,,,,,
0.35,20.0,155152.0,179168.0,0.48,10016.0,-0.13,15024.0,15024.0,0.6780669614655718,0.8516666666666667,5008.0,40064.0,-190.64114977139732,-0.2020813636481762,mix_fixed,3,can_mix_fixed_s3,75984,,,,,,,,,,,,,,,0.8400000000000001,,,,,,,,,,,,,,,
0.5266666666666667,,,,0.29333333333333333,10016.0,0.23333333333333336,20032.0,18362.666666666668,0.6671973046957255,0.8505555555555556,1669.3333333333333,33386.666666666664,-183.39623991183598,-0.1696480312772716,mix_fixed,mean,n=3,75984,0.10397649306988148,3.0,0.09351173426070358,3.0,0.0,3.0,0.18817840235029928,3.0,2891.370148101646,3.0,1669.3333333333335,3.0,0.01274448327300004,3.0,0.835,0.007637626158259716,3.0,0.018291197370171482,3.0,3.6712378261819834,3.0,0.08177394012877398,3.0,1669.3333333333335,3.0,14837.359213972157,3.0,0.29333333333333333,10016.0,-0.2618639713623921
0.73,20.0,155152.0,179168.0,0.0,10016.0,0.73,45072.0,20032.0,0.6228427037271005,0.7883333333333334,0.0,70112.0,-178.55121925408392,-0.2924712672829628,mix_linear,1,can_mix_linear_s1,75984,,,,,,,,,,,,,,,0.6000000000000001,,,,,,,,,,,,,,,
0.49,20.0,155152.0,179168.0,0.05,10016.0,0.44,20032.0,15024.0,0.6509328279637818,0.8083333333333335,5008.0,35056.0,-183.26474986448147,0.009909716900438,mix_linear,2,can_mix_linear_s2,75984,,,,,,,,,,,,,,,0.8250000000000001,,,,,,,,,,,,,,,
0.24,20.0,155152.0,179168.0,0.01,10016.0,0.22999999999999998,15024.0,20032.0,0.6498978732364709,0.8183333333333334,5008.0,30048.0,-197.027368061359,-0.208119262009859,mix_linear,3,can_mix_linear_s3,75984,,,,,,,,,,,,,,,0.8150000000000001,,,,,,,,,,,,,,,
0.48666666666666664,,,,0.02,10016.0,0.4666666666666666,26709.333333333332,18362.666666666668,0.6412244683091177,0.805,3338.6666666666665,45072.0,-186.28111239330812,-0.16356027079746127,mix_linear,mean,n=3,75984,0.14146063449281965,3.0,0.015275252316519468,3.0,0.0,3.0,0.14495209936772602,3.0,9294.454643017583,3.0,1669.3333333333335,3.0,0.009195736959472458,3.0,0.7466666666666667,0.07339012952101331,3.0,0.00881917103688195,3.0,5.54273851888292,3.0,0.09008827647060118,3.0,1669.3333333333333,3.0,12603.190283945305,3.0,0.02,10016.0,-0.23589113497578434
0.8300000000000001,20.0,155152.0,179168.0,0.07,10016.0,0.76,30048.0,15024.0,0.6839102969046115,0.9249999999999999,0.0,0.0,-172.4923072067068,-0.3040236085653305,mix_prefill,1,can_mix_prefill_s1,75984,,,,,,,,,,,,,,,0.8999999999999999,,,,,,,,,,,,,,,
0.4599999999999999,20.0,155152.0,179168.0,0.08,10016.0,0.3799999999999999,20032.0,20032.0,0.6471151821436091,0.8566666666666666,5008.0,35056.0,-182.8314854742666,-0.0276620879303663,mix_prefill,2,can_mix_prefill_s2,75984,,,,,,,,,,,,,,,0.76,,,,,,,,,,,,,,,
0.2799999999999999,20.0,155152.0,179168.0,0.09,15024.0,0.18999999999999992,20032.0,20032.0,0.714102969046115,0.8733333333333334,5008.0,5008.0,-196.41212439000907,-0.2049237079918384,mix_prefill,3,can_mix_prefill_s3,75984,,,,,,,,,,,,,,,0.915,,,,,,,,,,,,,,,
0.5233333333333333,,,,0.08,11685.333333333334,0.4433333333333333,23370.666666666668,18362.666666666668,0.6817094826981118,0.8849999999999999,3338.6666666666665,13354.666666666666,-183.91197235699414,-0.17886980149584505,mix_prefill,mean,n=3,75984,0.1618984592610786,3.0,0.005773502691896255,3.0,1669.3333333333333,3.0,0.16756424970075745,3.0,3338.6666666666665,3.0,1669.3333333333335,3.0,0.019368992280640512,3.0,0.8583333333333334,0.049356976316536155,3.0,0.02057056509063735,3.0,6.926158205153855,3.0,0.08083527912715238,3.0,1669.3333333333333,3.0,10946.550709901474,3.0,0.09333333333333334,10016.0,-0.27637614936477845
0.68,18.0,105136.0,129152.0,0.02,5008.0,0.66,20032.0,15024.0,0.7872615287428932,0.8116666666666666,0.0,20032.0,-183.18610003637465,-0.2931245416402817,prefill_t12i,1,can_prefill_t12i_s1,75984,,,,,,,,,,,,,,,0.73,,,,,,,,,,,,,,,
0.61,18.0,105136.0,129152.0,0.12,5008.0,0.49,20032.0,10016.0,0.7775121078121711,0.9166666666666666,0.0,20032.0,-172.0490362944609,0.0121622368460521,prefill_t12i,2,can_prefill_t12i_s2,75984,,,,,,,,,,,,,,,0.975,,,,,,,,,,,,,,,
0.37,18.0,105136.0,129152.0,0.15,5008.0,0.22,15024.0,15024.0,0.7643419667298379,0.8716666666666667,20032.0,20032.0,-195.6624087325684,-0.2397037148475647,prefill_t12i,3,can_prefill_t12i_s3,75984,,,,,,,,,,,,,,,0.905,,,,,,,,,,,,,,,
0.5533333333333333,,,,0.09666666666666666,5008.0,0.4566666666666666,18362.666666666668,13354.666666666666,0.7763718677616341,0.8666666666666667,6677.333333333333,20032.0,-183.63251502113462,-0.1735553398805981,prefill_t12i,mean,n=3,75984,0.09386751893552485,3.0,0.03929942040850532,3.0,0.0,3.0,0.12810585900383759,3.0,1669.3333333333335,3.0,1669.3333333333333,3.0,0.006640825532196249,3.0,0.8700000000000001,0.07285830998131465,3.0,0.030413812651491096,3.0,6.82024692195127,3.0,0.09413060060844326,3.0,6677.333333333334,3.0,0.0,3.0,0.09666666666666666,5008.0,-0.37103853442830076
0.71,31.0,75360.0,99376.0,0.08,10048.0,0.63,,15072.0,0.3178427037271005,0.36000000000000004,0.0,,-181.99345459153145,-0.303630992770195,rs_025,1,can_rs_025_s1,75984,,,,,,,,,,,,,,,,,,,,,,,,,,,,,,
0.52,31.0,75360.0,99376.0,0.0,12560.0,0.52,37680.0,27632.0,0.30305853863971355,0.3,0.0,,-179.06038286877794,-0.0055061248131096,rs_025,2,can_rs_025_s2,75984,,,,,,,,,,,,,,,,,,,,,,,,,,,,,,
0.37,31.0,75360.0,99376.0,0.01,10048.0,0.36,30144.0,37680.0,0.33470941250789643,0.3466666666666667,2512.0,,-192.17187130338604,-0.1808219170197844,rs_025,3,can_rs_025_s3,75984,,,,,,,,,,,,,,,,,,,,,,,,,,,,,,
0.5333333333333333,,,,0.03,10885.333333333334,0.5033333333333333,33912.0,26794.666666666668,0.31853688495823684,0.3355555555555556,837.3333333333334,,-184.40856958789848,-0.16331967820102966,rs_025,mean,n=3,75984,0.09837569708915804,3.0,0.025166114784235832,3.0,837.3333333333334,3.0,0.07838650677536566,3.0,3768.0,2.0,6539.782395292506,3.0,0.00914341055699225,3.0,,,0.0,0.018189672826383237,3.0,3.9729236747838157,3.0,0.08650502007852674,3.0,837.3333333333333,3.0,,0.0,0.08084925690021232,10016.0,0.08679644837509654
0.7100000000000001,31.0,75360.0,99376.0,0.12,7536.0,0.5900000000000001,,17584.0,0.4347094125078963,0.44999999999999996,0.0,,-180.50952848938252,-0.2961434498429298,rs_2,1,can_rs_2_s1,75984,,,,,,,,,,,,,,,,,,,,,,,,,,,,,,
0.56,31.0,75360.0,99376.0,0.11,5024.0,0.45000000000000007,12560.0,7536.0,0.4506496104443041,0.6366666666666667,0.0,,-177.8671153997331,-0.0065669394971337,rs_2,2,can_rs_2_s2,75984,,,,,,,,,,,,,,,,,,,,,,,,,,,,,,
0.36,31.0,75360.0,99376.0,0.01,7536.0,0.35,12560.0,12560.0,0.4245409559907348,0.49,2512.0,,-190.87668994402856,-0.2157636694610119,rs_2,3,can_rs_2_s3,75984,,,,,,,,,,,,,,,,,,,,,,,,,,,,,,
0.5433333333333333,,,,0.08,6698.666666666667,0.4633333333333334,12560.0,12560.0,0.4366333263143118,0.5255555555555556,837.3333333333334,,-183.08444461104804,-0.17282468626702516,rs_2,mean,n=3,75984,0.10137937550497036,3.0,0.035118845842842465,3.0,837.3333333333334,3.0,0.06960204339273704,3.0,0.0,2.0,2900.60775240868,3.0,0.007598059896992523,3.0,,,0.0,0.056742868154683164,3.0,3.970092451950579,3.0,0.08630653904216905,3.0,837.3333333333333,3.0,,0.0,0.23265392781316346,10016.0,-0.03129999298097841
0.5700000000000001,16.0,95120.0,127136.0,0.2,10016.0,0.37000000000000005,,50080.0,0.4024499882325253,0.385,0.0,,-288.1823277416083,-0.0601684814319014,square_baseline,1,square_baseline_s1,67984,,,,,,,,,,,,,,,,,,,,,,,,,,,,,,
0.5700000000000001,16.0,95120.0,127136.0,0.19,20032.0,0.38000000000000006,55088.0,35056.0,0.42465991998117203,0.535,0.0,,-299.6363144895138,-0.1262035872787237,square_baseline,2,square_baseline_s2,67984,,,,,,,,,,,,,,,,,,,,,,,,,,,,,,
0.45,16.0,95120.0,127136.0,0.19,10016.0,0.26,30048.0,30048.0,0.3857837138150153,0.5233333333333333,30048.0,,-318.7763330579629,-0.3762093856930733,square_baseline,3,square_baseline_s3,67984,,,,,,,,,,,,,,,,,,,,,,,,,,,,,,
0.51,16.0,95120.0,127136.0,0.24,10016.0,0.27,30048.0,30048.0,0.4060779006825136,0.41,0.0,,-301.04958601338507,-0.0976589396595954,square_baseline,4,square_baseline_s4,67984,,,,,,,,,,,,,,,,,,,,,,,,,,,,,,
0.45,16.0,95120.0,127136.0,0.26,35056.0,0.19,50080.0,50080.0,0.38574605789597555,0.31833333333333336,50080.0,,-312.2904795263804,-0.3065155856311321,square_baseline,5,square_baseline_s5,67984,,,,,,,,,,,,,,,,,,,,,,,,,,,,,,
0.51,,,,0.21600000000000003,17027.2,0.29400000000000004,41316.0,39062.4,0.4009435161214404,0.43433333333333335,16025.6,,-303.98700816577013,-0.19335119593888517,square_baseline,mean,n=5,67984,0.026832815729997486,5.0,0.014352700094407325,5.0,4906.817852743262,5.0,0.03586084215408222,5.0,6585.408921750164,4.0,4589.907816067768,5.0,0.007252177319829533,5.0,,,0.0,0.04155518419323073,5.0,5.315151338763237,5.0,0.062308402867769605,5.0,10312.10314921258,5.0,,0.0,0.23399999999999999,10016.0,0.09305648387855964
0.5700000000000001,16.0,95120.0,127136.0,0.24,25040.0,0.33000000000000007,,60096.0,0.40760649564603435,0.5166666666666667,0.0,,-295.05889391671553,-219.93956756591797,square_calql,1,square_calql_s1,67984,,,,,,,,,,,,,,,,,,,,,,,,,,,,,,
0.48,16.0,95120.0,127136.0,0.41,10016.0,0.07,20032.0,20032.0,0.5052671216756884,0.425,20032.0,,-315.6880160245513,-235.74300384521484,square_calql,2,square_calql_s2,67984,,,,,,,,,,,,,,,,,,,,,,,,,,,,,,
0.43,16.0,95120.0,127136.0,0.39,45072.0,0.03999999999999998,50080.0,65104.0,0.45917156978112494,0.4733333333333334,15024.0,,-325.69371216694236,-232.15215301513672,square_calql,3,square_calql_s3,67984,,,,,,,,,,,,,,,,,,,,,,,,,,,,,,
0.49333333333333335,,,,0.3466666666666667,26709.333333333332,0.1466666666666667,35056.0,48410.666666666664,0.45734839570094926,0.4716666666666667,11685.333333333334,,-312.14687403606973,-229.2782414754232,square_calql,mean,n=3,67984,0.04096068575814838,3.0,0.053644923131436935,3.0,10154.15825057783,3.0,0.09207484877955426,3.0,15024.0,2.0,14262.7902521834,3.0,0.028206928474643456,3.0,,,0.0,0.026475005683208586,3.0,9.019013014054405,3.0,4.783014224385538,3.0,6018.866929174554,3.0,,0.0,0.39666666666666667,25040.0,0.03665160429905079
0.4299999999999999,16.0,95120.0,127136.0,0.35,50080.0,0.0799999999999999,60096.0,60096.0,0.4437020475405978,0.41333333333333333,15024.0,,-319.97909312869615,-226.7843017578125,square_cql,1,square_cql_s1,67984,,,,,,,,,,,,,,,,,,,,,,,,,,,,,,
0.48,16.0,95120.0,127136.0,0.25,60096.0,0.22999999999999998,,,0.481325017651212,0.2333333333333333,5008.0,,-310.4080925918614,-239.01965713500977,square_cql,2,square_cql_s2,67984,,,,,,,,,,,,,,,,,,,,,,,,,,,,,,
0.47,16.0,95120.0,127136.0,0.3,10016.0,0.16999999999999998,35056.0,35056.0,0.46942927747705343,0.48,35056.0,,-320.2088686922847,-246.51644134521484,square_cql,3,square_cql_s3,67984,,,,,,,,,,,,,,,,,,,,,,,,,,,,,,
0.45999999999999996,,,,0.3,40064.0,0.15999999999999995,47576.0,47576.0,0.4648187808896211,0.3755555555555555,18362.666666666668,,-316.8653514709474,-237.44013341267905,square_cql,mean,n=3,67984,0.0152752523165195,3.0,0.028867513459481284,3.0,15299.6927202259,3.0,0.04358898943540676,3.0,12519.999999999998,2.0,12519.999999999998,2.0,0.011102769610523417,3.0,,,0.0,0.07366926424111457,3.0,3.2293107301743116,3.0,5.75066676036315,3.0,8833.28171054098,3.0,,0.0,0.3733333333333333,10016.0,0.029181219110378964
0.4399999999999999,16.0,95120.0,127136.0,0.24,25040.0,0.1999999999999999,,,0.3503130148270181,0.28833333333333333,15024.0,,-320.91001902006735,-0.0561718489043414,square_fixalpha_03,1,square_fixalpha_03_s1,67984,,,,,,,,,,,,,,,,,,,,,,,,,,,,,,
0.49,16.0,95120.0,127136.0,0.27,15024.0,0.21999999999999997,35056.0,35056.0,0.45335137679453996,0.34833333333333333,10016.0,,-314.5315071569069,-0.1190256252884864,square_fixalpha_03,2,square_fixalpha_03_s2,67984,,,,,,,,,,,,,,,,,,,,,,,,,,,,,,
0.52,16.0,95120.0,127136.0,0.26,15024.0,0.26,25040.0,25040.0,0.4439044481054366,0.49333333333333335,0.0,,-308.0022791494393,-0.3906159698963165,square_fixalpha_03,3,square_fixalpha_03_s3,67984,,,,,,,,,,,,,,,,,,,,,,,,,,,,,,
0.4600000000000001,16.0,95120.0,127136.0,0.3,10016.0,0.1600000000000001,20032.0,20032.0,0.4091162626500353,0.43,20032.0,,-305.7390759325507,-0.0707645779475569,square_fixalpha_03,4,square_fixalpha_03_s4,67984,,,,,,,,,,,,,,,,,,,,,,,,,,,,,,
0.44,16.0,95120.0,127136.0,0.28,15024.0,0.15999999999999998,20032.0,50080.0,0.41371969875264764,0.38166666666666665,50080.0,,-316.654735511588,-0.297625120729208,square_fixalpha_03,5,square_fixalpha_03_s5,67984,,,,,,,,,,,,,,,,,,,,,,,,,,,,,,
0.47000000000000003,,,,0.27,16025.6,0.2,25040.0,32552.0,0.41408096022593555,0.3883333333333333,19030.4,,-313.1675233541105,-0.18684062855318181,square_fixalpha_03,mean,n=5,67984,0.015491933384829676,5.0,0.01,5.0,2453.408926371631,5.0,0.018973665961010265,5.0,3541.19076018223,4.0,6624.961282905735,4.0,0.018059257513865314,5.0,,,0.0,0.03493247454415129,5.0,2.791316162419429,5.0,0.06668749793369012,5.0,8439.63161281344,5.0,,0.0,0.332,5008.0,0.0799190397740645
0.51,16.0,95120.0,127136.0,0.3,20032.0,0.21000000000000002,30048.0,30048.0,0.4396869851729819,0.5166666666666667,0.0,,-301.7558836677916,-209.5397911071777,square_iql,1,square_iql_s1,67984,,,,,,,,,,,,,,,,,,,,,,,,,,,,,,
0.46,16.0,95120.0,127136.0,0.2799999999999999,30048.0,0.1800000000000001,50080.0,50080.0,0.4274217462932454,0.4583333333333333,10016.0,,-310.81904981209493,-221.42311477661133,square_iql,2,square_iql_s2,67984,,,,,,,,,,,,,,,,,,,,,,,,,,,,,,
0.45,16.0,95120.0,127136.0,0.28,30048.0,0.16999999999999998,40064.0,40064.0,0.4424676394445752,0.49666666666666676,10016.0,,-321.207278441845,-242.00189208984375,square_iql,3,square_iql_s3,67984,,,,,,,,,,,,,,,,,,,,,,,,,,,,,,
0.47333333333333333,,,,0.2866666666666666,26709.333333333332,0.18666666666666668,40064.0,40064.0,0.4365254569702675,0.49055555555555563,6677.333333333333,,-311.26073730724386,-224.32159932454428,square_iql,mean,n=3,67984,0.01855921454276674,3.0,0.006666666666666673,3.0,3338.6666666666665,3.0,0.012018504251546632,3.0,5782.740296203292,3.0,5782.740296203292,3.0,0.004622090818836817,3.0,,,0.0,0.017114357556388207,3.0,5.619475228955887,3.0,9.482403168644476,3.0,3338.6666666666665,3.0,,0.0,0.36999999999999994,30048.0,0.05747454302973254
0.54,16.0,95120.0,127136.0,0.06,10016.0,0.48000000000000004,40064.0,40064.0,0.4167592374676394,0.5883333333333334,0.0,,-310.10627412182504,-0.0298516941256821,square_mix_prefill,1,square_mix_prefill_s1,67984,,,,,,,,,,,,,,,,,,,,,,,,,,,,,,
0.54,16.0,95120.0,127136.0,0.02,10016.0,0.52,50080.0,25040.0,0.4003694987055778,0.5866666666666668,0.0,,-292.61419089464044,-0.1009274991229176,square_mix_prefill,2,square_mix_prefill_s2,67984,,,,,,,,,,,,,,,,,,,,,,,,,,,,,,
0.46,16.0,95120.0,127136.0,0.01,10016.0,0.45,30048.0,35056.0,0.47992704165686045,0.64,35056.0,,-321.9978819104218,-0.3860136121511459,square_mix_prefill,3,square_mix_prefill_s3,67984,,,,,,,,,,,,,,,,,,,,,,,,,,,,,,
0.5133333333333333,,,,0.03,10016.0,0.48333333333333334,40064.0,33386.666666666664,0.4323519259433592,0.6050000000000001,11685.333333333334,,-308.2394489756291,-0.17226426846658185,square_mix_prefill,mean,n=3,67984,0.026666666666666675,3.0,0.015275252316519466,3.0,0.0,3.0,0.02027587510099407,3.0,5782.740296203292,3.0,4416.64085527049,3.0,0.024253519404661875,3.0,,,0.0,0.01750661250732079,3.0,8.533543646937849,3.0,0.10882635856903368,3.0,11685.333333333332,3.0,,0.0,0.03,10016.0,0.061648074056640856
0.48,16.0,95120.0,127136.0,0.37,10016.0,0.10999999999999999,15024.0,15024.0,0.52,0.445,5008.0,,-308.86973757507747,-407.97571563720703,square_td,1,square_td_s1,67984,,,,,,,,,,,,,,,,,,,,,,,,,,,,,,
0.52,16.0,95120.0,127136.0,0.25,60096.0,0.27,,,0.4541798070134149,0.2916666666666667,0.0,,-305.9346280663812,-429.1017150878906,square_td,2,square_td_s2,67984,,,,,,,,,,,,,,,,,,,,,,,,,,,,,,
0.4,16.0,95120.0,127136.0,0.38,40064.0,0.020000000000000018,45072.0,45072.0,0.5032231113203107,0.48166666666666663,5008.0,,-320.97925711248774,-432.5878829956054,square_td,3,square_td_s3,67984,,,,,,,,,,,,,,,,,,,,,,,,,,,,,,
0.4666666666666666,,,,0.3333333333333333,36725.333333333336,0.13333333333333333,30048.0,30048.0,0.4924676394445752,0.4061111111111111,3338.6666666666665,,-311.9278742513155,-423.2217712402344,square_td,mean,n=3,67984,0.035276684147527874,3.0,0.041766546953805564,3.0,14552.910606167796,3.0,0.07310570733153769,3.0,15024.0,2.0,15024.0,2.0,0.019747021569932428,3.0,,,0.0,0.05819295277854887,3.0,4.60432281418423,3.0,7.689169878431737,3.0,1669.3333333333333,3.0,,0.0,0.43999999999999995,40064.0,0.0015323605554248276
0.43,16.0,95120.0,127136.0,0.36,5008.0,0.07,15024.0,15024.0,0.48082843021887506,0.39999999999999997,15024.0,,-316.2817768061716,-0.0599330805707722,square_tent12,1,square_tent12_s1,67984,,,,,,,,,,,,,,,,,,,,,,,,,,,,,,
0.52,16.0,95120.0,127136.0,0.24,5008.0,0.28,30048.0,30048.0,0.37670393033654975,0.38166666666666665,0.0,,-301.81708253262195,-0.1015266440808773,square_tent12,2,square_tent12_s2,67984,,,,,,,,,,,,,,,,,,,,,,,,,,,,,,
0.53,16.0,95120.0,127136.0,0.3,55088.0,0.23000000000000004,,,0.4257084019769357,0.35166666666666674,0.0,,-301.08075224110866,-0.3796331658959389,square_tent12,3,square_tent12_s3,67984,,,,,,,,,,,,,,,,,,,,,,,,,,,,,,
0.4599999999999999,16.0,95120.0,127136.0,0.1999999999999999,50080.0,0.26,,,0.37276182631207333,0.2966666666666667,20032.0,,-316.39303858309376,-0.0855985899688676,square_tent12,4,square_tent12_s4,67984,,,,,,,,,,,,,,,,,,,,,,,,,,,,,,
0.39,16.0,95120.0,127136.0,0.27,50080.0,0.12,55088.0,,0.3659849376323841,0.3383333333333333,25040.0,,-322.5140492121715,-0.3346398994326591,square_tent12,5,square_tent12_s5,67984,,,,,,,,,,,,,,,,,,,,,,,,,,,,,,
0.466,,,,0.27399999999999997,33052.8,0.192,33386.666666666664,22536.0,0.40439750529536356,0.3536666666666667,12019.2,,-311.6173398750335,-0.192266275989823,square_tent12,mean,n=5,67984,0.02657066051117285,5.0,0.027129319932501082,5.0,11485.692693085603,5.0,0.04115823125451336,5.0,11685.333333333334,3.0,7512.0,2.0,0.02183931802418782,5.0,,,0.0,0.017914922395713694,5.0,4.303296802206849,5.0,0.06800748147637353,5.0,5156.05157460629,5.0,,0.0,0.32599999999999996,50080.0,0.08960249470463649
0.5,16.0,95120.0,127136.0,0.27,20032.0,0.22999999999999998,,,0.35298305483643205,0.36833333333333335,0.0,,-305.7462112843947,-0.0658401576802134,square_tent12_hq,1,square_tent12_hq_s1,67984,,,,,,,,,,,,,,,,,,,,,,,,,,,,,,
0.53,16.0,95120.0,127136.0,0.29,25040.0,0.24000000000000005,,95120.0,0.3780477759472818,0.4466666666666666,0.0,,-310.1812111701805,-0.1406941208988428,square_tent12_hq,2,square_tent12_hq_s2,67984,,,,,,,,,,,,,,,,,,,,,,,,,,,,,,
0.53,16.0,95120.0,127136.0,0.22,15024.0,0.31000000000000005,65104.0,35056.0,0.4027818310190633,0.5183333333333334,0.0,,-303.46100641970264,-0.3993803411722183,square_tent12_hq,3,square_tent12_hq_s3,67984,,,,,,,,,,,,,,,,,,,,,,,,,,,,,,
0.52,,,,0.26,20032.0,0.26,65104.0,65088.0,0.3779375539342591,0.4444444444444445,0.0,,-306.4628096247593,-0.20197153991709152,square_tent12_hq,mean,n=3,67984,0.010000000000000009,3.0,0.020816659994661323,3.0,2891.370148101646,3.0,0.02516611478423585,3.0,,1.0,30031.999999999996,2.0,0.01437577405441838,3.0,,,0.0,0.04331552340560178,3.0,1.9727664888126286,3.0,0.10104199632186543,3.0,0.0,3.0,,0.0,0.2866666666666667,15024.0,0.11606244606574095
0.48,16.0,95120.0,127136.0,0.24,60096.0,0.24,,,0.3970710755471876,0.33166666666666667,25040.0,,-304.3009136370475,-0.0301505392417311,square_tent6,1,square_tent6_s1,67984,,,,,,,,,,,,,,,,,,,,,,,,,,,,,,
0.43,16.0,95120.0,127136.0,0.1699999999999999,55088.0,0.2600000000000001,,,0.36616851023770297,0.23500000000000001,20032.0,,-319.92190038218473,-0.1202332433313131,square_tent6,2,square_tent6_s2,67984,,,,,,,,,,,,,,,,,,,,,,,,,,,,,,
0.58,16.0,95120.0,127136.0,0.25,65104.0,0.32999999999999996,,,0.3704412803012474,0.2683333333333333,0.0,,-293.3290461882156,-0.3881469815969467,square_tent6,3,square_tent6_s3,67984,,,,,,,,,,,,,,,,,,,,,,,,,,,,,,
0.4966666666666666,,,,0.21999999999999997,60096.0,0.27666666666666667,,,0.37789362202871263,0.2783333333333333,15024.0,,-305.8506200691493,-0.1795102547233303,square_tent6,mean,n=3,67984,0.04409585518440984,3.0,0.025166114784235864,3.0,2891.370148101646,3.0,0.027284509239574813,3.0,,0.0,,0.0,0.009667732991657196,3.0,,,0.0,0.028349668493717943,3.0,7.7157018705299585,3.0,0.10751075332949228,3.0,7649.84636011295,3.0,,0.0,0.24333333333333332,65104.0,0.11610637797128742
0.74,18.0,105136.0,129152.0,0.31,40064.0,0.43,75120.0,45072.0,0.5293198568119604,0.6333333333333333,0.0,,-178.66156693943773,-212.40031051635745,td,1,can_td_s1,75984,,,,,,,,,,,,,,,0.54,,,,,,,,,,,,,,,
0.6100000000000001,18.0,105136.0,129152.0,0.35,40064.0,0.2600000000000001,105136.0,45072.0,0.4765561170772794,0.4916666666666667,0.0,,-173.49762692254507,-223.18748474121097,td,2,can_td_s2,75984,,,,,,,,,,,,,,,0.6100000000000001,,,,,,,,,,,,,,,
0.35,18.0,105136.0,129152.0,0.31,25040.0,0.03999999999999998,35056.0,35056.0,0.4135460096862497,0.455,40064.0,,-195.24898532166335,-208.90459442138672,td,3,can_td_s3,75984,,,,,,,,,,,,,,,0.525,,,,,,,,,,,,,,,
0.5666666666666668,,,,0.3233333333333333,35056.0,0.2433333333333334,71770.66666666667,41733.333333333336,0.47314066119182985,0.5266666666666667,13354.666666666666,,-182.46939306121536,-214.8307965596517,td,mean,n=3,75984,0.11464922347946561,3.0,0.013333333333333327,3.0,5008.0,3.0,0.11289129481250734,3.0,20299.54946407542,3.0,3338.666666666667,3.0,0.033464632692595246,3.0,0.5583333333333335,0.026193722742502878,3.0,0.05437353659163142,3.0,6.561378231286285,3.0,4.298475922813358,3.0,13354.666666666668,3.0,,0.0,0.3933333333333333,40064.0,-0.06780732785849647
0.72,18.0,105136.0,129152.0,0.22,10016.0,0.5,20032.0,15024.0,0.6033533375447462,0.6833333333333332,0.0,,-181.21832486999153,-0.3027109652757644,tent12,1,can_tent12_s1,75984,,,,,,,,,,,,,,,0.6799999999999999,,,,,,,,,,,,,,,
0.47,18.0,105136.0,129152.0,0.33,10016.0,0.13999999999999996,15024.0,15024.0,0.5236133922931144,0.525,15024.0,,-180.59431711581175,-0.0118546662852168,tent12,2,can_tent12_s2,75984,,,,,,,,,,,,,,,0.635,,,,,,,,,,,,,,,
0.36,18.0,105136.0,129152.0,0.4,70112.0,-0.040000000000000036,75120.0,75120.0,0.5735133712360496,0.7016666666666667,15024.0,75120.0,-192.19903105175467,-0.2216798141598701,tent12,3,can_tent12_s3,75984,,,,,,,,,,,,,,,0.77,,,,,,,,,,,,,,,
0.5166666666666666,,,,0.3166666666666667,30048.0,0.19999999999999996,36725.333333333336,35056.0,0.5668267003579701,0.6366666666666666,10016.0,75120.0,-184.670557679186,-0.17874848190695045,tent12,mean,n=3,75984,0.10651030205780304,3.0,0.052387445485005714,3.0,20032.0,3.0,0.15874507866387547,3.0,19251.691158037116,3.0,20032.0,3.0,0.023260469992078297,3.0,0.695,0.03968626966596887,3.0,0.056083601617320976,3.0,3.7685443657742237,3.0,0.08666347006741583,3.0,5008.0,3.0,,1.0,0.33,10016.0,-0.16149336702463674
0.69,18.0,105136.0,129152.0,0.07,5008.0,0.6199999999999999,55088.0,10016.0,0.524785217940619,0.6833333333333332,0.0,,-178.6794298621592,-0.311926856637001,tent12i,1,can_tent12i_s1,75984,,,,,,,,,,,,,,,0.6799999999999999,,,,,,,,,,,,,,,
0.6200000000000001,18.0,105136.0,129152.0,0.3399999999999999,10016.0,0.2800000000000002,15024.0,15024.0,0.5615687513160666,0.5783333333333333,0.0,,-169.8751947862648,-0.0232430305331945,tent12i,2,can_tent12i_s2,75984,,,,,,,,,,,,,,,0.6050000000000001,,,,,,,,,,,,,,,
0.38,18.0,105136.0,129152.0,0.56,10016.0,-0.18000000000000005,15024.0,15024.0,0.6962728995578016,0.77,5008.0,20032.0,-190.22982081476928,-0.2411536537110805,tent12i,3,can_tent12i_s3,75984,,,,,,,,,,,,,,,0.805,,,,,,,,,,,,,,,
0.5633333333333334,,,,0.3233333333333333,8346.666666666666,0.24000000000000002,28378.666666666668,13354.666666666666,0.5942089562714957,0.6772222222222221,1669.3333333333333,20032.0,-179.59481515439776,-0.1921078469604253,tent12i,mean,n=3,75984,0.09386751893552484,3.0,0.1416960753788819,3.0,1669.3333333333333,3.0,0.2318045153428495,3.0,13354.666666666666,3.0,1669.3333333333333,3.0,0.05212498911673222,3.0,0.6966666666666668,0.058333333333333334,3.0,0.05541370780182176,3.0,5.893673101018384,3.0,0.08686907050910997,3.0,1669.3333333333335,3.0,,1.0,0.45999999999999996,10016.0,-0.18887562293816235
0.75,18.0,105136.0,129152.0,0.23,15024.0,0.52,,40064.0,0.42606864603074335,0.5000000000000001,0.0,,-177.63674767583822,-0.3018052354454994,tent12i_hq,1,can_tent12i_hq_s1,75984,,,,,,,,,,,,,,,0.445,,,,,,,,,,,,,,,
0.51,18.0,105136.0,129152.0,0.18,5008.0,0.33,75120.0,20032.0,0.3623647083596546,0.5266666666666667,0.0,,-176.90162037748,-0.0073598721064627,tent12i_hq,2,can_tent12i_hq_s2,75984,,,,,,,,,,,,,,,0.55,,,,,,,,,,,,,,,
0.25,18.0,105136.0,129152.0,0.09,5008.0,0.16,15024.0,25040.0,0.3834207201516109,0.39666666666666667,25040.0,,-197.28152137345887,-0.2003803811967373,tent12i_hq,3,can_tent12i_hq_s3,75984,,,,,,,,,,,,,,,0.385,,,,,,,,,,,,,,,
0.5033333333333333,,,,0.16666666666666666,8346.666666666666,0.33666666666666667,45072.0,28378.666666666668,0.39061802484733626,0.4744444444444445,8346.666666666666,,-183.93996314225902,-0.16984849624956647,tent12i_hq,mean,n=3,75984,0.1443760521847181,3.0,0.04096068575814836,3.0,3338.6666666666665,3.0,0.10397649306988148,3.0,30048.0,2.0,6018.866929174553,3.0,0.018738541519755684,3.0,0.46,0.04821825380496479,3.0,0.03964347283313619,3.0,6.674153755684939,3.0,0.08635906630031152,3.0,8346.666666666668,3.0,,0.0,0.18000000000000002,5008.0,0.014715308485997114
0.63,16.0,75120.0,99136.0,0.28,20032.0,0.35,25040.0,25040.0,0.5458180669614656,0.5633333333333334,0.0,,-180.39854895208555,-0.2837727889418602,tent6,1,can_tent6_s1,75984,,,,,,,,,,,,,,,,,,,,,,,,,,,,,,
0.49,16.0,75120.0,99136.0,0.13,5008.0,0.36,10016.0,10016.0,0.5691945672773217,0.6833333333333332,10016.0,,-179.13013207788873,-0.0198292637942358,tent6,2,can_tent6_s2,75984,,,,,,,,,,,,,,,,,,,,,,,,,,,,,,
0.3,16.0,75120.0,99136.0,0.2299999999999999,5008.0,0.07000000000000009,15024.0,15024.0,0.402910086333965,0.54,15024.0,,-196.81676990896733,-0.2098451927304268,tent6,3,can_tent6_s3,75984,,,,,,,,,,,,,,,,,,,,,,,,,,,,,,
0.4733333333333334,,,,0.2133333333333333,10016.0,0.26,16693.333333333332,16693.333333333332,0.5059742401909174,0.5955555555555555,8346.666666666666,,-185.4484836463139,-0.17114908182217425,tent6,mean,n=3,75984,0.09562658858520703,3.0,0.044095855184409845,3.0,5008.0,3.0,0.09504384952922167,3.0,4416.64085527049,3.0,4416.64085527049,3.0,0.05197204392568974,3.0,,,0.0,0.0444027582281957,3.0,5.695924559247409,3.0,0.07861210226253652,3.0,4416.64085527049,3.0,,0.0,0.2233333333333333,5008.0,-0.10064090685758403
0.03,24.0,255184.0,279200.0,0.24,45072.0,-0.21,50080.0,50080.0,0.4798747104653612,0.8116666666666669,5008.0,205168.0,,,warmup,1,can_warmup_s1,75984,,,,,,,,,,,,,,,0.555,,,,,,,,,,,,,,,
0.01,24.0,255184.0,279200.0,0.33,40064.0,-0.32,45072.0,45072.0,0.48998841861444514,0.8466666666666667,5008.0,130144.0,,,warmup,2,can_warmup_s2,75984,,,,,,,,,,,,,,,0.515,,,,,,,,,,,,,,,
0.01,24.0,255184.0,279200.0,0.29,10016.0,-0.27999999999999997,15024.0,15024.0,0.4731259212465782,0.7399999999999999,15024.0,255184.0,,,warmup,3,can_warmup_s3,75984,,,,,,,,,,,,,,,0.555,,,,,,,,,,,,,,,
0.016666666666666666,,,,0.2866666666666667,31717.333333333332,-0.27,36725.333333333336,36725.333333333336,0.4809963501087948,0.7994444444444445,8346.666666666666,196832.0,,,warmup,mean,n=3,75984,0.006666666666666666,3.0,0.026034165586355525,3.0,10946.550709901474,3.0,0.03214550253664319,3.0,10946.550709901474,3.0,10946.550709901474,3.0,0.004899983366897665,3.0,0.5416666666666666,0.013333333333333345,3.0,0.03139257598797043,3.0,,0.0,,0.0,3338.666666666667,3.0,36335.78159335506,3.0,0.41333333333333333,45072.0,-0.07566301677546144
0.69,18.0,105136.0,129152.0,0.4,5008.0,0.2899999999999999,15024.0,10016.0,0.5491019161928828,0.5133333333333333,0.0,,-179.4734663314756,-75.84433364868164,warmupc,1,can_warmupc_s1,75984,,,,,,,,,,,,,,,0.525,,,,,,,,,,,,,,,
0.52,18.0,105136.0,129152.0,0.26,5008.0,0.26,10016.0,10016.0,0.46861444514634665,0.6,0.0,,-178.67745386712238,-75.4832878112793,warmupc,2,can_warmupc_s2,75984,,,,,,,,,,,,,,,0.615,,,,,,,,,,,,,,,
0.3,18.0,105136.0,129152.0,0.31,25040.0,-0.010000000000000009,30048.0,35056.0,0.4993756580332702,0.63,10016.0,,-196.85779725843776,-74.08024215698242,warmupc,3,can_warmupc_s3,75984,,,,,,,,,,,,,,,0.685,,,,,,,,,,,,,,,
0.5033333333333333,,,,0.3233333333333333,11685.333333333334,0.17999999999999997,18362.666666666668,18362.666666666668,0.5056973397908332,0.581111111111111,3338.6666666666665,,-185.00290581901194,-75.13595453898112,warmupc,mean,n=3,75984,0.11289129481250733,3.0,0.04096068575814836,3.0,6677.333333333334,3.0,0.09539392014169457,3.0,6018.866929174554,3.0,8346.666666666668,3.0,0.023448745482077,3.0,0.6083333333333334,0.04630814663149936,3.0,0.03497794719710488,3.0,5.931898157174776,3.0,0.5380473954666737,3.0,3338.666666666667,3.0,,0.0,0.3333333333333333,5008.0,-0.10036400645749982
